Numero;Date;Rain;Tmin;Tmax
97412384;2011-01-01;0;21.9;31.4
97412384;2011-01-02;0;24.1;31.4
97412384;2011-01-03;0;23.9;31.3
97412384;2011-01-04;0;22.9;31.1
97412384;2011-01-05;0;23.2;31.5
97412384;2011-01-06;0;22.4;31.3
97412384;2011-01-07;0;22;31
97412384;2011-01-08;0;23.8;31.4
97412384;2011-01-09;0;23.6;32.1
97412384;2011-01-10;0;23.9;31.9
97412384;2011-01-11;0;24.5;31.7
97412384;2011-01-12;1;24.4;31.8
97412384;2011-01-13;0;23.9;31.9
97412384;2011-01-14;0.5;25.1;31.7
97412384;2011-01-15;0;25.5;33.1
97412384;2011-01-16;0;23.5;31.3
97412384;2011-01-17;0;24.9;32.5
97412384;2011-01-18;0;23.5;31.1
97412384;2011-01-19;0;22.9;31.2
97412384;2011-01-20;0;23.5;33.2
97412384;2011-01-21;0;24.6;31.3
97412384;2011-01-22;0;23.3;31.2
97412384;2011-01-23;0;23.4;32.3
97412384;2011-01-24;0;23.6;32.7
97412384;2011-01-25;0.5;23.1;32.7
97412384;2011-01-26;0;23.2;32.7
97412384;2011-01-27;5;24.7;33.8
97412384;2011-01-28;17.5;24.6;31.6
97412384;2011-01-29;5;23.8;29
97412384;2011-01-30;25;23;31
97412384;2011-01-31;0;24;33.6
97412384;2011-02-01;18.5;24.9;32.8
97412384;2011-02-02;4;24.5;32.9
97412384;2011-02-03;0;23.7;30.5
97412384;2011-02-04;12.5;24.6;30.9
97412384;2011-02-05;0;24.7;31.8
97412384;2011-02-06;0;24.2;32.5
97412384;2011-02-07;0;24.6;31.5
97412384;2011-02-08;0;24.5;31.6
97412384;2011-02-09;0;24.5;30.6
97412384;2011-02-10;0;23.7;32.3
97412384;2011-02-11;2.5;23.6;31
97412384;2011-02-12;40;23.5;33.2
97412384;2011-02-13;9.5;23.5;32.1
97412384;2011-02-14;4;24.1;31.6
97412384;2011-02-15;0;23.8;30.8
97412384;2011-02-16;0;23.4;31.6
97412384;2011-02-17;0;24.2;32
97412384;2011-02-18;8;24.4;31.8
97412384;2011-02-19;0;24.5;32.2
97412384;2011-02-20;0;26;32.5
97412384;2011-02-21;47;24.2;32.1
97412384;2011-02-22;0;24.5;32.4
97412384;2011-02-23;1;24.3;32.1
97412384;2011-02-24;55;24.6;31.5
97412384;2011-02-25;0;22.7;31.3
97412384;2011-02-26;12;24.8;32.1
97412384;2011-02-27;0;24.8;32.7
97412384;2011-02-28;0;24.1;31.5
97412384;2011-03-01;0;23.3;33
97412384;2011-03-02;0;22.7;33.5
97412384;2011-03-03;0.5;23.6;32.3
97412384;2011-03-04;0.5;23.6;31.9
97412384;2011-03-05;0;23.3;31.4
97412384;2011-03-06;0;23.6;31.7
97412384;2011-03-07;0;23.5;32
97412384;2011-03-08;1;24;32.8
97412384;2011-03-09;0.5;23.4;32.3
97412384;2011-03-10;1;24.2;31.5
97412384;2011-03-11;0;24.1;31.5
97412384;2011-03-12;8.5;25.9;31
97412384;2011-03-13;1.5;23;31.2
97412384;2011-03-14;0;24.1;31.1
97412384;2011-03-15;1.5;25.6;30.6
97412384;2011-03-16;4;23.4;30.6
97412384;2011-03-17;2;24;31.3
97412384;2011-03-18;5;23.1;30.5
97412384;2011-03-19;6.5;22;30.4
97412384;2011-03-20;13;24.6;31.1
97412384;2011-03-21;8.5;23.7;31.2
97412384;2011-03-22;0;23.6;31.2
97412384;2011-03-23;4.5;23.9;31
97412384;2011-03-24;0;23.6;31
97412384;2011-03-25;4.5;23.3;30.7
97412384;2011-03-26;14;23.7;28.7
97412384;2011-03-27;0;23.7;31.2
97412384;2011-03-28;0;23.7;31.3
97412384;2011-03-29;0;24.2;31.5
97412384;2011-03-30;0;23;31.7
97412384;2011-03-31;0;24;31.7
97412384;2011-04-01;0;23.4;31.4
97412384;2011-04-02;0;23;30.6
97412384;2011-04-03;0;23;31.8
97412384;2011-04-04;0.5;23.3;31.3
97412384;2011-04-05;0;22.7;31.5
97412384;2011-04-06;0.5;23.7;31.8
97412384;2011-04-07;3;24.8;30.6
97412384;2011-04-08;3;22.8;30
97412384;2011-04-09;2;23.5;31
97412384;2011-04-10;0;23.5;31.5
97412384;2011-04-11;0;22.5;31.5
97412384;2011-04-12;0;23.5;30.5
97412384;2011-04-13;0.5;23;30.5
97412384;2011-04-14;0;22.5;31
97412384;2011-04-15;0.5;23.5;28
97412384;2011-04-16;32;23.5;30.5
97412384;2011-04-17;3;22;31
97412384;2011-04-18;0;23;29
97412384;2011-04-19;0;22.5;29.5
97412384;2011-04-20;0;22.5;30.5
97412384;2011-04-21;0;23;30
97412384;2011-04-22;0;22.5;30.6
97412384;2011-04-23;0;21.7;30.3
97412384;2011-04-24;2.5;22.9;30.3
97412384;2011-04-25;0;22.4;30.5
97412384;2011-04-26;2.5;22.9;30
97412384;2011-04-27;0;22.7;29.5
97412384;2011-04-28;0;22.5;30.5
97412384;2011-04-29;0;21.7;30.3
97412384;2011-04-30;0;22.4;29.4
97412384;2011-05-01;0;22.3;30
97412384;2011-05-02;0;21.6;30
97412384;2011-05-03;4.5;22.2;30
97412384;2011-05-04;1.5;21.2;29.8
97412384;2011-05-05;10.5;21.3;29.5
97412384;2011-05-06;6;20.9;30.8
97412384;2011-05-07;2.5;20.6;30.4
97412384;2011-05-08;0;20.5;29.5
97412384;2011-05-09;0;20.5;28.7
97412384;2011-05-10;38;22.6;28.7
97412384;2011-05-11;9.5;21.5;27.9
97412384;2011-05-12;0;21.2;30.4
97412384;2011-05-13;5;21.5;30.3
97412384;2011-05-14;11;20.1;28.4
97412384;2011-05-15;0;19.7;28.3
97412384;2011-05-16;0;20.7;29
97412384;2011-05-17;0;20.5;28.5
97412384;2011-05-18;0;20.7;28.6
97412384;2011-05-19;0;20.3;28.1
97412384;2011-05-20;0;19.1;29.7
97412384;2011-05-21;0;19.7;29.5
97412384;2011-05-22;0;21.5;29.7
97412384;2011-05-23;0;20.9;30.1
97412384;2011-05-24;0;21.5;28.7
97412384;2011-05-25;0;22.2;28.5
97412384;2011-05-26;0.5;20;30.8
97412384;2011-05-27;0;21.2;29
97412384;2011-05-28;0;20.6;29.5
97412384;2011-05-29;0;20.9;29.9
97412384;2011-05-30;0;20.6;29.5
97412384;2011-05-31;0;19.3;28.5
97412384;2011-06-01;0;21.8;28.3
97412384;2011-06-02;0;20.4;27.9
97412384;2011-06-03;0;21.3;27.7
97412384;2011-06-04;0;21.3;27.5
97412384;2011-06-05;0;19.7;27.6
97412384;2011-06-06;0;20.6;27
97412384;2011-06-07;0;21.5;27.2
97412384;2011-06-08;0;21.8;27
97412384;2011-06-09;0;20;28.5
97412384;2011-06-10;0;20.3;29.2
97412384;2011-06-11;0;19.5;29.7
97412384;2011-06-12;12.5;21.7;27
97412384;2011-06-13;36;19.8;28
97412384;2011-06-14;8.5;20;28
97412384;2011-06-15;50;19.1;27.1
97412384;2011-06-16;22.5;20.8;27.3
97412384;2011-06-17;4;20.8;29.3
97412384;2011-06-18;10.5;20.6;28.3
97412384;2011-06-19;4.5;19;27.7
97412384;2011-06-20;7.5;18.6;24
97412384;2011-06-21;0;18.8;25.8
97412384;2011-06-22;0;16.7;26.9
97412384;2011-06-23;0;19.1;28.1
97412384;2011-06-24;0;20.3;28
97412384;2011-06-25;20;19.9;27.2
97412384;2011-06-26;1;20.6;24.8
97412384;2011-06-27;0;20.1;29.3
97412384;2011-06-28;0;18.2;28
97412384;2011-06-29;0;20.5;26.3
97412384;2011-06-30;0;18.4;26.6
97412384;2011-07-01;0;18.2;27.1
97412384;2011-07-02;0;17;30.5
97412384;2011-07-03;0;20.2;28.4
97412384;2011-07-04;16;19.6;28.5
97412384;2011-07-05;21;18.7;20.5
97412384;2011-07-06;0;18;25.5
97412384;2011-07-07;10;17.5;27
97412384;2011-07-08;0;18;27
97412384;2011-07-09;15;17;24.5
97412384;2011-07-10;2;17.5;23.5
97412384;2011-07-11;1;17;23.5
97412384;2011-07-12;3;16.5;22
97412384;2011-07-13;2;16;23
97412384;2011-07-14;0;18;23.5
97412384;2011-07-15;3;17.5;24.5
97412384;2011-07-16;6;19;23
97412384;2011-07-17;1;19.5;26.1
97412384;2011-07-18;0;18.7;28.1
97412384;2011-07-19;0;19.5;27.8
97412384;2011-07-20;0;18.9;27.3
97412384;2011-07-21;0;18.3;27.8
97412384;2011-07-22;5;18.3;27.2
97412384;2011-07-23;1.5;19.1;26.1
97412384;2011-07-24;4.5;17.2;25.2
97412384;2011-07-25;0;17.2;24.8
97412384;2011-07-26;0;16.4;25.7
97412384;2011-07-27;0;19;25.4
97412384;2011-07-28;24;17.4;27.8
97412384;2011-07-29;0;19.2;27.3
97412384;2011-07-30;0;18.7;27.2
97412384;2011-07-31;0;20.3;26.7
97412384;2011-08-01;0;17.7;27
97412384;2011-08-02;4.5;18.9;27.5
97412384;2011-08-03;6.5;18.6;23.6
97412384;2011-08-04;9;18.5;23.3
97412384;2011-08-05;0;19.4;24.5
97412384;2011-08-06;1.5;18.1;25.5
97412384;2011-08-07;1.5;19;25
97412384;2011-08-08;0;19.3;24.6
97412384;2011-08-09;0.5;17.5;27.1
97412384;2011-08-10;0;18.6;27.2
97412384;2011-08-11;0;18.1;27.1
97412384;2011-08-12;0;19.4;27.1
97412384;2011-08-13;0;19.2;27.9
97412384;2011-08-14;0.5;18.4;26.4
97412384;2011-08-15;0;18.3;27.7
97412384;2011-08-16;0;18.3;27.6
97412384;2011-08-17;0;18.3;27
97412384;2011-08-18;0;18.2;27.2
97412384;2011-08-19;0;18;28.3
97412384;2011-08-20;2;17.7;27.7
97412384;2011-08-21;0;19.2;26.1
97412384;2011-08-22;0;17.2;26.3
97412384;2011-08-23;8;18.9;27
97412384;2011-08-24;0;17.1;23.9
97412384;2011-08-25;0;18.3;25.2
97412384;2011-08-26;1;18.4;24.4
97412384;2011-08-27;0;17.6;25.8
97412384;2011-08-28;8;17.6;25.9
97412384;2011-08-29;6;17.4;24.6
97412384;2011-08-30;2;17.9;25
97412384;2011-08-31;5;19.3;25.3
97412384;2011-09-01;1;18.3;25
97412384;2011-09-02;0.5;19.7;25.2
97412384;2011-09-03;0.5;17.7;26.8
97412384;2011-09-04;0;18.8;26.3
97412384;2011-09-05;0;20.6;27.9
97412384;2011-09-06;0;17.6;27.1
97412384;2011-09-07;0;18.3;27
97412384;2011-09-08;0;17.9;26.7
97412384;2011-09-09;7.5;18.6;24.9
97412384;2011-09-10;0;17.9;25.7
97412384;2011-09-11;6.5;18.7;25
97412384;2011-09-12;1;19.8;24.4
97412384;2011-09-13;0.5;18;24.3
97412384;2011-09-14;0;16.6;26.8
97412384;2011-09-15;0;17.4;25.8
97412384;2011-09-16;0;16.7;27.3
97412384;2011-09-17;6;18.5;27.4
97412384;2011-09-18;5.5;17.2;25
97412384;2011-09-19;0;16;26.1
97412384;2011-09-20;0;17;28.7
97412384;2011-09-21;0;19.1;28.1
97412384;2011-09-22;0;19.8;27.4
97412384;2011-09-23;0;17.7;27.6
97412384;2011-09-24;0;17.7;27.6
97412384;2011-09-25;0;17.5;27.8
97412384;2011-09-26;8;19.9;24.6
97412384;2011-09-27;0;19.1;27.8
97412384;2011-09-28;0;16.8;27
97412384;2011-09-29;0;17.6;26.3
97412384;2011-09-30;0;18.8;27.2
97412384;2011-10-01;0;19.4;27.9
97412384;2011-10-02;0.5;18.6;26.8
97412384;2011-10-03;0;19.2;26
97412384;2011-10-04;0;18.6;27
97412384;2011-10-05;0;19.5;27.5
97412384;2011-10-06;2;19;27.5
97412384;2011-10-07;10;17.5;25
97412384;2011-10-08;2;17.5;23
97412384;2011-10-09;8;17;23
97412384;2011-10-10;1;17.5;24
97412384;2011-10-11;10;18;23.5
97412384;2011-10-12;5;18;24
97412384;2011-10-13;0;18.5;25
97412384;2011-10-14;0;18.5;25
97412384;2011-10-15;0;19;24.5
97412384;2011-10-16;0;19;26.5
97412384;2011-10-17;0;18.5;28
97412384;2011-10-18;0;19;27
97412384;2011-10-19;0;20;27.5
97412384;2011-10-20;0;21;28.5
97412384;2011-10-21;0;19.5;29
97412384;2011-10-22;0;19.5;28.5
97412384;2011-10-23;0;19.5;27
97412384;2011-10-24;0;20;28.5
97412384;2011-10-25;0;20.5;28.5
97412384;2011-10-26;0;21;30
97412384;2011-10-27;0;21;29
97412384;2011-10-28;0;21.5;29
97412384;2011-10-29;0;19.5;28
97412384;2011-10-30;0;19;26.5
97412384;2011-10-31;0;18.5;27
97412384;2011-11-01;0;18.4;29
97412384;2011-11-02;0;19.9;30.1
97412384;2011-11-03;0;19.3;30.4
97412384;2011-11-04;0;20.1;29.7
97412384;2011-11-05;0;20.4;30.5
97412384;2011-11-06;0;20.5;29
97412384;2011-11-07;0;20.7;30.8
97412384;2011-11-08;0;21.6;30.6
97412384;2011-11-09;0;21.5;31
97412384;2011-11-10;0;20.5;31.1
97412384;2011-11-11;0;19.6;31.7
97412384;2011-11-12;0;22;28.6
97412384;2011-11-13;0;20.6;30.4
97412384;2011-11-14;0;20.6;31.5
97412384;2011-11-15;0;21.8;31.5
97412384;2011-11-16;0;23;31.8
97412384;2011-11-17;0;20.7;29
97412384;2011-11-18;0;21.5;29.4
97412384;2011-11-19;0;20.6;30.9
97412384;2011-11-20;0;20.8;32.5
97412384;2011-11-21;0;21.9;31.8
97412384;2011-11-22;0.5;22.4;32.9
97412384;2011-11-23;0;21.9;30.9
97412384;2011-11-24;0;21.6;30.9
97412384;2011-11-25;0;22.2;32.9
97412384;2011-11-26;0;22.2;32.4
97412384;2011-11-27;0;21.4;31.5
97412384;2011-11-28;0;21.1;32.1
97412384;2011-11-29;1;22.4;31
97412384;2011-11-30;11;23;30.3
97412384;2011-12-01;1;21.7;29
97412384;2011-12-02;0.5;21;27.1
97412384;2011-12-03;0;20.8;30.6
97412384;2011-12-04;0;21;31.4
97412384;2011-12-05;0;20.1;30.3
97412384;2011-12-06;0;23.5;30.4
97412384;2011-12-07;0;22.8;30.1
97412384;2011-12-08;0;21;29.7
97412384;2011-12-09;0;22.5;31
97412384;2011-12-10;0;22.1;30.4
97412384;2011-12-11;0;24.4;30.3
97412384;2011-12-12;12.5;23.1;30.8
97412384;2011-12-13;2.5;22;30.4
97412384;2011-12-14;0.5;23.7;30.9
97412384;2011-12-15;4.5;22.7;29.4
97412384;2011-12-16;0.5;22.7;30.2
97412384;2011-12-17;0.5;20.7;30.1
97412384;2011-12-18;0;22;31.3
97412384;2011-12-19;22.5;22.6;31.4
97412384;2011-12-20;0;21.5;33.2
97412384;2011-12-21;10.5;24;32.8
97412384;2011-12-22;0;22.9;31.2
97412384;2011-12-23;0;23.8;29.4
97412384;2011-12-24;0;23.7;29.9
97412384;2011-12-25;0;24.7;29.7
97412384;2011-12-26;0;23.4;32.8
97412384;2011-12-27;0;22.8;30.7
97412384;2011-12-28;0;22.6;32.2
97412384;2011-12-29;0;22;30.7
97412384;2011-12-30;0;20.6;32.9
97412384;2011-12-31;0;23.7;33.6
97412384;2012-01-01;0;23.8;33.3
97412384;2012-01-02;0;23.7;33.2
97412384;2012-01-03;0;24.2;33.8
97412384;2012-01-04;0;24.2;31.2
97412384;2012-01-05;0;23.9;31.8
97412384;2012-01-06;0;24.6;31.3
97412384;2012-01-07;0;23;30.9
97412384;2012-01-08;0;22.6;31.3
97412384;2012-01-09;1.5;24;30.3
97412384;2012-01-10;2;22.1;30.7
97412384;2012-01-11;1.5;23.6;35.5
97412384;2012-01-12;0;24.6;33.2
97412384;2012-01-13;0;24.2;33.8
97412384;2012-01-14;5;24.1;31.4
97412384;2012-01-15;1;25.2;30.4
97412384;2012-01-16;14;22.9;31.3
97412384;2012-01-17;7.5;21.3;30.4
97412384;2012-01-18;23;22.4;30.2
97412384;2012-01-19;2;21.8;30.6
97412384;2012-01-20;49;23;30.4
97412384;2012-01-21;4.5;21.9;30
97412384;2012-01-22;0;22.7;30.3
97412384;2012-01-23;0;23.1;30.5
97412384;2012-01-24;0;23.1;29.8
97412384;2012-01-25;0;21.5;29.9
97412384;2012-01-26;21.5;22;31.4
97412384;2012-01-27;0;24;32.5
97412384;2012-01-28;0;25.7;32.1
97412384;2012-01-29;0;23.2;32
97412384;2012-01-30;0;23.1;33.3
97412384;2012-01-31;0;23.7;31.8
97412384;2012-02-01;0;23.4;31.4
97412384;2012-02-02;0;23.5;30.8
97412384;2012-02-03;0;22.5;31.1
97412384;2012-02-04;0;24.7;30.9
97412384;2012-02-05;44;23.6;31.5
97412384;2012-02-06;0;22.5;31.8
97412384;2012-02-07;4;22.9;30.4
97412384;2012-02-08;0;22.5;31.6
97412384;2012-02-09;0;22.3;31.7
97412384;2012-02-10;0;23.2;31.8
97412384;2012-02-11;12.5;26.3;31.4
97412384;2012-02-12;14.5;25.8;29.7
97412384;2012-02-13;10;26.1;33.4
97412384;2012-02-14;0;23.9;32.7
97412384;2012-02-15;0;24.9;33.4
97412384;2012-02-16;0;23.8;33.4
97412384;2012-02-17;0;22.9;33
97412384;2012-02-18;0;24.6;32.3
97412384;2012-02-19;2.5;23.9;32.7
97412384;2012-02-20;0;23.9;32.8
97412384;2012-02-21;0;23.7;32
97412384;2012-02-22;0;23.5;32.8
97412384;2012-02-23;27.5;23.7;33
97412384;2012-02-24;6;23.1;33
97412384;2012-02-25;0;24.4;32.1
97412384;2012-02-26;4.5;25.2;31
97412384;2012-02-27;0.5;24.4;32.5
97412384;2012-02-28;14;26.4;32.4
97412384;2012-02-29;43.5;23;27.8
97412384;2012-03-01;3.5;23.5;29.9
97412384;2012-03-02;2;24.7;29.9
97412384;2012-03-03;2;23.6;29.8
97412384;2012-03-04;11;22.7;29.1
97412384;2012-03-05;12;22.1;28.9
97412384;2012-03-06;21;22.6;29.7
97412384;2012-03-07;8;22;31.2
97412384;2012-03-08;0;22.9;31
97412384;2012-03-09;0;24;31
97412384;2012-03-10;1;24;29.5
97412384;2012-03-11;0;23;28.5
97412384;2012-03-12;0;23.5;28
97412384;2012-03-13;0;22;30
97412384;2012-03-14;0;22;30.5
97412384;2012-03-15;1;22.5;30.5
97412384;2012-03-16;0;21.5;30.2
97412384;2012-03-17;2;22.9;31.5
97412384;2012-03-18;0;23.6;30.4
97412384;2012-03-19;5;23.3;32.7
97412384;2012-03-20;0;21.8;32
97412384;2012-03-21;0;22.4;32.9
97412384;2012-03-22;0;24.9;32.2
97412384;2012-03-23;2.5;22.6;31.4
97412384;2012-03-24;0;23.6;30.6
97412384;2012-03-25;13;22.8;32.7
97412384;2012-03-26;29.5;23.7;28.2
97412384;2012-03-27;57;22.8;28.2
97412384;2012-03-28;9.5;21.8;27.1
97412384;2012-03-29;24;21.7;31.1
97412384;2012-03-30;5.5;22.7;29.2
97412384;2012-03-31;1.5;24.5;29
97412384;2012-04-01;0;22.9;28.9
97412384;2012-04-02;0;21.8;31.7
97412384;2012-04-03;0;21.9;31.2
97412384;2012-04-04;0;21.9;31.2
97412384;2012-04-05;0;22.5;31
97412384;2012-04-06;0;22.5;31.5
97412384;2012-04-07;0;23;31
97412384;2012-04-08;1;22.5;30.5
97412384;2012-04-09;8;22.5;31.5
97412384;2012-04-10;1;22.5;31.5
97412384;2012-04-11;3;23.5;31
97412384;2012-04-12;0;22.5;30
97412384;2012-04-13;0;22.5;29.7
97412384;2012-04-14;5;23;29
97412384;2012-04-15;6.5;24.1;28.8
97412384;2012-04-16;4;23.6;29.3
97412384;2012-04-17;8;23.5;27
97412384;2012-04-18;5;23.5;29.5
97412384;2012-04-19;0;23.5;31
97412384;2012-04-20;0;23.5;31
97412384;2012-04-21;0;23.5;30.5
97412384;2012-04-22;2;23.5;30
97412384;2012-04-23;0;23;29
97412384;2012-04-24;0.5;23.5;29
97412384;2012-04-25;25;23;30.5
97412384;2012-04-26;55;21;24
97412384;2012-04-27;1;21;26
97412384;2012-04-28;0;20;26
97412384;2012-04-29;0;21;26.5
97412384;2012-04-30;0;20;26
97412384;2012-05-01;0;21;27.5
97412384;2012-05-02;0;20.5;29.5
97412384;2012-05-03;3;21.5;27
97412384;2012-05-04;10;20.5;25.5
97412384;2012-05-05;15;21.5;26
97412384;2012-05-06;15;21.5;26.5
97412384;2012-05-07;5;22.5;27
97412384;2012-05-08;0;21.5;27.9
97412384;2012-05-09;0;20.4;27.3
97412384;2012-05-10;0.5;21.2;27.7
97412384;2012-05-11;1;22.5;27.1
97412384;2012-05-12;2.5;20.3;27.2
97412384;2012-05-13;0;19.6;30.7
97412384;2012-05-14;11.5;21.7;27.9
97412384;2012-05-15;0;19.5;28.7
97412384;2012-05-16;0;20.1;28.1
97412384;2012-05-17;0;19.5;28.1
97412384;2012-05-18;0;21.4;29.7
97412384;2012-05-19;0;20.9;30.2
97412384;2012-05-20;0;20.6;28.9
97412384;2012-05-21;0;20.3;29.5
97412384;2012-05-22;0;22.5;28.6
97412384;2012-05-23;0;21.2;28.6
97412384;2012-05-24;0;21.7;29.1
97412384;2012-05-25;0;20.9;28.5
97412384;2012-05-26;45.5;21.3;28.1
97412384;2012-05-27;1;20.5;25.8
97412384;2012-05-28;4;19.5;25
97412384;2012-05-29;2;19.5;25.4
97412384;2012-05-30;7;19.3;25.5
97412384;2012-05-31;0.5;20.4;26.1
97412384;2012-06-01;0;18.9;26.4
97412384;2012-06-02;0;18.2;26.5
97412384;2012-06-03;0;18.8;27.8
97412384;2012-06-04;6;18.1;27.1
97412384;2012-06-05;1;19.3;25.7
97412384;2012-06-06;3.5;20.3;24.9
97412384;2012-06-07;0;20;26.3
97412384;2012-06-08;0;19.5;28.2
97412384;2012-06-09;0;19.8;27.5
97412384;2012-06-10;0;19.5;28.6
97412384;2012-06-11;0;19.4;29.2
97412384;2012-06-12;0;18.5;27.8
97412384;2012-06-13;1.5;18.6;26.4
97412384;2012-06-14;1;17.5;23.6
97412384;2012-06-15;0;19.6;26.5
97412384;2012-06-16;15.5;20;25.1
97412384;2012-06-17;18.5;20.3;25
97412384;2012-06-18;1.5;18.6;25.1
97412384;2012-06-19;4;21.6;25.6
97412384;2012-06-20;0;20.1;25.4
97412384;2012-06-21;0;17.7;27.6
97412384;2012-06-22;0;17.4;28
97412384;2012-06-23;3;18.9;27.8
97412384;2012-06-24;0;17.5;26.7
97412384;2012-06-25;0;19.7;27.9
97412384;2012-06-26;0;18.9;28.5
97412384;2012-06-27;0;18.8;27.6
97412384;2012-06-28;0;18.9;26.3
97412384;2012-06-29;0;19;28.5
97412384;2012-06-30;0;17.4;27.3
97412384;2012-07-01;0;17.8;27.1
97412384;2012-07-02;0;18.7;26.1
97412384;2012-07-03;0;19.9;26.3
97412384;2012-07-04;0.5;18.6;26.4
97412384;2012-07-05;0;18.4;25.6
97412384;2012-07-06;0;16.9;25.7
97412384;2012-07-07;0;17.4;26
97412384;2012-07-08;0;17.9;26
97412384;2012-07-09;0;18;25.9
97412384;2012-07-10;0;18.1;26
97412384;2012-07-11;0.5;20.7;25.7
97412384;2012-07-12;1;18.9;26.1
97412384;2012-07-13;5;20.9;25.8
97412384;2012-07-14;0;19.1;26.8
97412384;2012-07-15;0;19.4;27.8
97412384;2012-07-16;0;18.6;28.5
97412384;2012-07-17;0;18.6;28.9
97412384;2012-07-18;1.5;19.1;27.9
97412384;2012-07-19;0;19.6;28.9
97412384;2012-07-20;0;19.5;28.6
97412384;2012-07-21;0;18;28.8
97412384;2012-07-22;0;19.3;26
97412384;2012-07-23;0;19.5;25.8
97412384;2012-07-24;0;20;25.5
97412384;2012-07-25;0;20.1;25.7
97412384;2012-07-26;0;19.2;26
97412384;2012-07-27;0;19.1;26.5
97412384;2012-07-28;0;20.4;26.6
97412384;2012-07-29;26;20.2;28.1
97412384;2012-07-30;0;18.1;28.5
97412384;2012-07-31;0;18.8;27.1
97412384;2012-08-01;0;18.4;26.1
97412384;2012-08-02;0;19.3;27.7
97412384;2012-08-03;0;18.6;27.9
97412384;2012-08-04;0;18.2;27
97412384;2012-08-05;0;18.8;28.2
97412384;2012-08-06;0;18.6;27.8
97412384;2012-08-07;0;18.6;28.6
97412384;2012-08-08;0;19.5;26.6
97412384;2012-08-09;3;21.8;27.1
97412384;2012-08-10;0;18.8;25.7
97412384;2012-08-11;0;18;25.4
97412384;2012-08-12;0;18.1;25.6
97412384;2012-08-13;0;19.3;26.1
97412384;2012-08-14;0;17.6;27.5
97412384;2012-08-15;12;19.4;26.4
97412384;2012-08-16;10.5;19.3;24.7
97412384;2012-08-17;0;20;25.3
97412384;2012-08-18;0;18.4;24.3
97412384;2012-08-19;1;19.2;25.4
97412384;2012-08-20;0.5;18.9;25.6
97412384;2012-08-21;2.5;19.6;25.5
97412384;2012-08-22;0;19.1;25.4
97412384;2012-08-23;0.5;17.9;25.4
97412384;2012-08-24;0.5;19;24.3
97412384;2012-08-25;0;18.7;26.6
97412384;2012-08-26;0;17.7;26.3
97412384;2012-08-27;0;17.9;26.3
97412384;2012-08-28;0;18.2;26.4
97412384;2012-08-29;0;18.2;25.9
97412384;2012-08-30;0.5;17.2;26.5
97412384;2012-08-31;0;19.5;26.1
97412384;2012-09-01;0;18.5;26.8
97412384;2012-09-02;0;18.6;28.3
97412384;2012-09-03;0;18.5;28.3
97412384;2012-09-04;0;18;27.8
97412384;2012-09-05;18;17.9;27.6
97412384;2012-09-06;2.5;18.1;23.4
97412384;2012-09-07;0.5;18.5;23.8
97412384;2012-09-08;0;18.9;23.9
97412384;2012-09-09;0;19.2;25
97412384;2012-09-10;0;18.5;25.4
97412384;2012-09-11;0.5;18.8;27
97412384;2012-09-12;1.5;18.3;27.6
97412384;2012-09-13;1.5;19.1;27.1
97412384;2012-09-14;0;19.4;27.3
97412384;2012-09-15;0;19.2;27.2
97412384;2012-09-16;1;20.3;27.2
97412384;2012-09-17;11;19.3;25.9
97412384;2012-09-18;3;18.9;24.6
97412384;2012-09-19;0.5;18.6;26
97412384;2012-09-20;0;18.8;26.3
97412384;2012-09-21;0;19.1;25.9
97412384;2012-09-22;0;19.5;26.2
97412384;2012-09-23;0;18.1;25.9
97412384;2012-09-24;0;17.7;27.8
97412384;2012-09-25;0;18.5;28.5
97412384;2012-09-26;0;20;27.2
97412384;2012-09-27;1.5;19.9;27
97412384;2012-09-28;0;19.7;26.7
97412384;2012-09-29;0;18.7;26.9
97412384;2012-09-30;0;17.6;26.2
97412384;2012-10-01;0;19.3;27.4
97412384;2012-10-02;0;19.1;26.4
97412384;2012-10-03;0.5;19.8;26.1
97412384;2012-10-04;0;20.3;26.5
97412384;2012-10-05;0;20.4;29.3
97412384;2012-10-06;0;21.2;28.4
97412384;2012-10-07;0;20.5;27.1
97412384;2012-10-08;0;19.7;28.8
97412384;2012-10-09;0;20.1;28.2
97412384;2012-10-10;0;18.5;27.7
97412384;2012-10-11;0;19.8;28.6
97412384;2012-10-12;0;20.7;28
97412384;2012-10-13;0;18.7;27.1
97412384;2012-10-14;0;17.7;28.7
97412384;2012-10-15;0;19.7;27.5
97412384;2012-10-16;0;19.5;27.1
97412384;2012-10-17;0;20.5;30.1
97412384;2012-10-18;1;22.5;30
97412384;2012-10-19;0;23.5;30.3
97412384;2012-10-20;0;21.3;30.9
97412384;2012-10-21;0;20.6;29.5
97412384;2012-10-22;0;19;28.1
97412384;2012-10-23;0;19.5;28.3
97412384;2012-10-24;0;18.4;27.6
97412384;2012-10-25;6.5;20.2;28
97412384;2012-10-26;42.5;21.2;25.5
97412384;2012-10-27;0;19.9;27.6
97412384;2012-10-28;0;19.8;28.1
97412384;2012-10-29;0;19.2;27.7
97412384;2012-10-30;0;19.7;27.7
97412384;2012-10-31;0;21.7;28.1
97412384;2012-11-01;0;20.7;28.6
97412384;2012-11-02;0;21.1;28.5
97412384;2012-11-03;3;20.1;26.1
97412384;2012-11-04;3.5;20.4;25.6
97412384;2012-11-05;10.5;18.5;27.1
97412384;2012-11-06;0;20.4;28.6
97412384;2012-11-07;0;21;28.5
97412384;2012-11-08;0;20.5;29.2
97412384;2012-11-09;0;20.9;28.9
97412384;2012-11-10;5;21.8;28.9
97412384;2012-11-11;5;22;29
97412384;2012-11-12;0;22.2;28.4
97412384;2012-11-13;0;21.5;28.7
97412384;2012-11-14;0;21.9;29.6
97412384;2012-11-15;0;20.5;28.8
97412384;2012-11-16;0;21.5;29.3
97412384;2012-11-17;0;21.6;30
97412384;2012-11-18;0;20.6;30.1
97412384;2012-11-19;0;20.9;29.5
97412384;2012-11-20;3;20.9;29.8
97412384;2012-11-21;0;20.9;30.2
97412384;2012-11-22;1.5;22.1;29.7
97412384;2012-11-23;9;21.6;29.5
97412384;2012-11-24;1.5;20.9;28.8
97412384;2012-11-25;0;21.6;29
97412384;2012-11-26;0;21.4;29.9
97412384;2012-11-27;0;22.6;30.2
97412384;2012-11-28;0;21.9;30.4
97412384;2012-11-29;0;22.4;30.9
97412384;2012-11-30;5;20.9;30.3
97412384;2012-12-01;8.5;22.8;30.7
97412384;2012-12-02;0;21.6;30.1
97412384;2012-12-03;16.5;23.5;29.1
97412384;2012-12-04;0;22.8;30.4
97412384;2012-12-05;0;23.1;32.3
97412384;2012-12-06;0;23.8;30
97412384;2012-12-07;0;24.8;29.5
97412384;2012-12-08;0;23;29.9
97412384;2012-12-09;0;23;31.9
97412384;2012-12-10;0;22.8;30.4
97412384;2012-12-11;0.5;22.3;31
97412384;2012-12-12;30.5;23.7;30.1
97412384;2012-12-13;35;23.1;29
97412384;2012-12-14;0;23.2;28.5
97412384;2012-12-15;3;21.9;28.7
97412384;2012-12-16;0;21.7;28.4
97412384;2012-12-17;0;23.8;30.7
97412384;2012-12-18;0;23.8;32
97412384;2012-12-19;0;24.5;31.5
97412384;2012-12-20;2;23.5;29
97412384;2012-12-21;5;23;30.5
97412384;2012-12-22;0;22;29.5
97412384;2012-12-23;5;23.5;28
97412384;2012-12-24;0;22.5;28.5
97412384;2012-12-25;0;22.5;29
97412384;2012-12-26;5;23;28
97412384;2012-12-27;2;22.5;29
97412384;2012-12-28;40;22.5;29
97412384;2012-12-29;20;22.5;28.5
97412384;2012-12-30;0;23;29
97412384;2012-12-31;5;23;28
97412384;2013-01-01;40;23.5;29
97412384;2013-01-02;150;22.5;30.5
97412384;2013-01-03;120;24.5;32.5
97412384;2013-01-04;0;25.5;32
97412384;2013-01-05;0;22.5;31
97412384;2013-01-06;0;24;32
97412384;2013-01-07;0;24;31
97412384;2013-01-08;1;24;30.5
97412384;2013-01-09;0;23.5;31.5
97412384;2013-01-10;1;23;30
97412384;2013-01-11;0.2;24.5;29
97412384;2013-01-12;0;23.5;31
97412384;2013-01-13;0;24.5;29.5
97412384;2013-01-14;1;23;29.5
97412384;2013-01-15;0.5;23;30.5
97412384;2013-01-16;0;23;31
97412384;2013-01-17;0;22.5;30
97412384;2013-01-18;15;22;30
97412384;2013-01-19;10;23;31
97412384;2013-01-20;0.5;24;31
97412384;2013-01-21;0;24.5;32
97412384;2013-01-22;0;24.5;31.5
97412384;2013-01-23;0;24.5;31.5
97412384;2013-01-24;0;24.5;31.5
97412384;2013-01-25;0;25;32
97412384;2013-01-26;0;25;32
97412384;2013-01-27;2;25.5;31.5
97412384;2013-01-28;0;24;32.5
97412384;2013-01-29;1;25.5;33
97412384;2013-01-30;40;24;31.5
97412384;2013-01-31;80;23;27.5
97412384;2013-02-01;10;22.5;29.5
97412384;2013-02-02;0;24;32.5
97412384;2013-02-03;0;26.5;33.5
97412384;2013-02-04;0;25;32.5
97412384;2013-02-05;5;25.5;32
97412384;2013-02-06;35;24.5;31.5
97412384;2013-02-07;5;24;29
97412384;2013-02-08;3;24;31
97412384;2013-02-09;0;24;31.5
97412384;2013-02-10;1;24.5;31.5
97412384;2013-02-11;35;24;31.5
97412384;2013-02-12;5;24;29
97412384;2013-02-13;3;24.5;30.5
97412384;2013-02-14;0;24.5;30.5
97412384;2013-02-15;3;24;30.5
97412384;2013-02-16;2;24.5;30.5
97412384;2013-02-17;5;24;30.5
97412384;2013-02-18;10;24.5;30
97412384;2013-02-19;5;24;31
97412384;2013-02-20;5;24.5;31.5
97412384;2013-02-21;0;24.5;31.5
97412384;2013-02-22;1;24.5;32
97412384;2013-02-23;0;25;33
97412384;2013-02-24;0;25;33
97412384;2013-02-25;8;23.5;30.5
97412384;2013-02-26;20;23;29.5
97412384;2013-02-27;10;22.5;28.5
97412384;2013-02-28;3;23;29.4
97412384;2013-03-01;1;23.2;31.6
97412384;2013-03-02;1;23.7;32.3
97412384;2013-03-03;0.5;24.1;31.6
97412384;2013-03-04;0;24.2;30.3
97412384;2013-03-05;0.5;22.7;30.7
97412384;2013-03-06;6.5;23.4;30.5
97412384;2013-03-07;11.5;23;29.7
97412384;2013-03-08;15.5;23.8;29.6
97412384;2013-03-09;0.5;24.1;29.7
97412384;2013-03-10;1;25.3;29
97412384;2013-03-11;0;23.4;29.9
97412384;2013-03-12;0;23.8;32
97412384;2013-03-13;0;23.8;30.8
97412384;2013-03-14;0;23.7;30.2
97412384;2013-03-15;0;23.5;30.6
97412384;2013-03-16;0;23.6;30.3
97412384;2013-03-17;0;23.7;30.7
97412384;2013-03-18;0;23.5;30.7
97412384;2013-03-19;4.5;24;31.4
97412384;2013-03-20;0;24.2;31.4
97412384;2013-03-21;4;23.8;30.1
97412384;2013-03-22;39;24.4;29.8
97412384;2013-03-23;2;23.4;28.1
97412384;2013-03-24;0;22.2;28.6
97412384;2013-03-25;3;22.3;29.3
97412384;2013-03-26;0.5;21.8;29.1
97412384;2013-03-27;2.5;22.8;29.4
97412384;2013-03-28;13;22;28.3
97412384;2013-03-29;55.5;22.8;27.8
97412384;2013-03-30;27;22;25.9
97412384;2013-03-31;5.5;22.4;27.6
97412384;2013-04-01;2;22.8;28.1
97412384;2013-04-02;0.5;22;27.9
97412384;2013-04-03;14;21.9;27.4
97412384;2013-04-04;1.5;21.5;28.1
97412384;2013-04-05;0;21.6;28.7
97412384;2013-04-06;28;24;28.6
97412384;2013-04-07;0;23.3;29.2
97412384;2013-04-08;2.5;23;30.1
97412384;2013-04-09;0.5;23.9;29.4
97412384;2013-04-10;1;22.1;29
97412384;2013-04-11;0;23.6;29.6
97412384;2013-04-12;2;23.4;28.7
97412384;2013-04-13;3.5;22;28.7
97412384;2013-04-14;18;24.4;28.8
97412384;2013-04-15;26.5;23.4;27.8
97412384;2013-04-16;19.5;23.1;28.7
97412384;2013-04-17;33;20.6;27.5
97412384;2013-04-18;8;23.4;27.3
97412384;2013-04-19;9.5;22.6;27.6
97412384;2013-04-20;0.5;23.1;27.5
97412384;2013-04-21;0;22.4;27.7
97412384;2013-04-22;0;20.4;29.1
97412384;2013-04-23;0;22.1;28.9
97412384;2013-04-24;0;20.9;28.3
97412384;2013-04-25;26;21.5;28.6
97412384;2013-04-26;33;20.8;26.6
97412384;2013-04-27;1.5;20;27.2
97412384;2013-04-28;0.5;21.5;26.4
97412384;2013-04-29;1;20.9;26.9
97412384;2013-04-30;0;20;27.6
97412384;2013-05-01;0;20.9;27
97412384;2013-05-02;0;22.9;27.2
97412384;2013-05-03;6;21.2;26.7
97412384;2013-05-04;0;23.1;26.9
97412384;2013-05-05;0;21.3;27.6
97412384;2013-05-06;0;20.2;27.8
97412384;2013-05-07;22.5;21.5;27.9
97412384;2013-05-08;0.5;20.5;26.7
97412384;2013-05-09;0;19.1;26.8
97412384;2013-05-10;0;19.1;26.5
97412384;2013-05-11;0;19;26.4
97412384;2013-05-12;0;20;27
97412384;2013-05-13;18;21.5;26.1
97412384;2013-05-14;4;21.3;26.5
97412384;2013-05-15;5;21.3;26.2
97412384;2013-05-16;0;22.3;26
97412384;2013-05-17;1;20.7;26.4
97412384;2013-05-18;0;19.8;27.3
97412384;2013-05-19;2.5;19.5;26.8
97412384;2013-05-20;1;19.9;26.3
97412384;2013-05-21;11;18.8;26.9
97412384;2013-05-22;3.5;18.2;25.6
97412384;2013-05-23;0;19.4;27.4
97412384;2013-05-24;0.5;21.6;27.6
97412384;2013-05-25;0;22;26.9
97412384;2013-05-26;0;21.7;27.3
97412384;2013-05-27;0;21.1;27.1
97412384;2013-05-28;0;19.9;28.7
97412384;2013-05-29;1;20.4;27.8
97412384;2013-05-30;0;19.5;27.5
97412384;2013-05-31;3.5;21;26.8
97412384;2013-06-01;0.5;19.6;27.3
97412384;2013-06-02;9.5;19.4;25.4
97412384;2013-06-03;1;19.1;24.4
97412384;2013-06-04;0;18.5;25
97412384;2013-06-05;0;19.4;24.5
97412384;2013-06-06;0;19.2;26.5
97412384;2013-06-07;10;18.8;25.4
97412384;2013-06-08;0;18;25.6
97412384;2013-06-09;0;17.1;26.9
97412384;2013-06-10;0;19.3;26.1
97412384;2013-06-11;24.5;19.8;25.6
97412384;2013-06-12;9;18.1;25.1
97412384;2013-06-13;9;16.4;24.6
97412384;2013-06-14;0;16;25.5
97412384;2013-06-15;0;18.2;26
97412384;2013-06-16;0;19.1;25.8
97412384;2013-06-17;9.5;19;25.8
97412384;2013-06-18;4.5;17.9;25.3
97412384;2013-06-19;10;17.5;21.5
97412384;2013-06-20;7.5;17.5;24.2
97412384;2013-06-21;14;19;23.8
97412384;2013-06-22;13.5;18.7;23.8
97412384;2013-06-23;0;18.7;24.6
97412384;2013-06-24;13;19.6;24.2
97412384;2013-06-25;5;15.7;24.5
97412384;2013-06-26;0;18.3;24.6
97412384;2013-06-27;0;17.8;27.1
97412384;2013-06-28;0;18.1;25.9
97412384;2013-06-29;0;18.5;25.6
97412384;2013-06-30;0;18.1;25.5
97412384;2013-07-01;0;16.6;25.9
97412384;2013-07-02;0;17.4;25.7
97412384;2013-07-03;0;18.3;26.1
97412384;2013-07-04;0;18.2;25.6
97412384;2013-07-05;0;17.5;25.7
97412384;2013-07-06;0.5;16.9;24.9
97412384;2013-07-07;26.5;17.9;24.8
97412384;2013-07-08;0;16.4;25
97412384;2013-07-09;0.5;17.1;25.3
97412384;2013-07-10;3;17.1;24.9
97412384;2013-07-11;2.5;16.7;25.4
97412384;2013-07-12;2;16.6;24.6
97412384;2013-07-13;5.5;17.9;24.3
97412384;2013-07-14;2;19.2;23.6
97412384;2013-07-15;0.5;17.8;24.1
97412384;2013-07-16;0.5;18;25.2
97412384;2013-07-17;1;18.1;27
97412384;2013-07-18;6;18.2;25.9
97412384;2013-07-19;1;17.4;21.8
97412384;2013-07-20;11.5;16.1;24.1
97412384;2013-07-21;0;18.2;24.2
97412384;2013-07-22;0;16.8;25
97412384;2013-07-23;4;20.2;25.1
97412384;2013-07-24;0;17;24.9
97412384;2013-07-25;1.5;17.8;25.5
97412384;2013-07-26;4;18.5;24.1
97412384;2013-07-27;0;16.4;25.3
97412384;2013-07-28;0;17.5;27
97412384;2013-07-29;0;19.2;27.5
97412384;2013-07-30;0;16.5;26
97412384;2013-07-31;5;16.9;25.3
97412384;2013-08-01;15.5;15.2;21.5
97412384;2013-08-02;6.5;16.9;23.1
97412384;2013-08-03;4;17.3;22.9
97412384;2013-08-04;6.5;16.9;22.3
97412384;2013-08-05;7;17.2;24.1
97412384;2013-08-06;5.5;17;23.9
97412384;2013-08-07;13;17.3;23.6
97412384;2013-08-08;4;17.5;24
97412384;2013-08-09;1;18.3;24.2
97412384;2013-08-10;15;16.6;24
97412384;2013-08-11;0;16.7;26.6
97412384;2013-08-12;0;16.3;26
97412384;2013-08-13;0;17.1;25.6
97412384;2013-08-14;0;16.1;24.8
97412384;2013-08-15;0;17.4;27.2
97412384;2013-08-16;0;17.4;26.9
97412384;2013-08-17;0;17;26.2
97412384;2013-08-18;0;18.8;27.9
97412384;2013-08-19;0;17.3;27.8
97412384;2013-08-20;0.5;16;27.9
97412384;2013-08-21;0;18.6;24.5
97412384;2013-08-22;0;17.3;25.1
97412384;2013-08-23;0;17.2;25.6
97412384;2013-08-24;0;17.5;25.3
97412384;2013-08-25;0;17.1;26.9
97412384;2013-08-26;6;18.8;23.4
97412384;2013-08-27;2.5;17.2;24.4
97412384;2013-08-28;5;18.9;24.5
97412384;2013-08-29;1;18.5;24
97412384;2013-08-30;0;18;25.5
97412384;2013-08-31;0;19;25
97412384;2013-09-01;0;18.5;24.5
97412384;2013-09-02;0;18;24
97412384;2013-09-03;2;18.5;24.5
97412384;2013-09-04;0;19;24
97412384;2013-09-05;0;17.5;25.5
97412384;2013-09-06;0;18;25
97412384;2013-09-07;0;17.5;26
97412384;2013-09-08;0;16;26
97412384;2013-09-09;0;17.6;26.6
97412384;2013-09-10;0;17.2;26.6
97412384;2013-09-11;0;18.4;25.9
97412384;2013-09-12;0;17.6;28.1
97412384;2013-09-13;0;19.3;28.9
97412384;2013-09-14;0;18.9;25.9
97412384;2013-09-15;0;20.8;25.6
97412384;2013-09-16;0;18.7;25.6
97412384;2013-09-17;4;20.6;25.8
97412384;2013-09-18;6;18.7;26
97412384;2013-09-19;0;20.5;26
97412384;2013-09-20;0;19.1;26.6
97412384;2013-09-21;0;18.9;25.6
97412384;2013-09-22;3;18.8;26
97412384;2013-09-23;2;18.6;26
97412384;2013-09-24;0;17.6;26.5
97412384;2013-09-25;0;17.7;26.9
97412384;2013-09-26;0;18.3;27.1
97412384;2013-09-27;0;16.8;27.7
97412384;2013-09-28;0;17.5;28
97412384;2013-09-29;0;19.5;27.2
97412384;2013-09-30;0.5;19.9;27.7
97412384;2013-10-01;44.5;18.8;22.7
97412384;2013-10-02;0.5;18.2;24.6
97412384;2013-10-03;0.5;20.6;25.1
97412384;2013-10-04;0;19.5;24.8
97412384;2013-10-05;4;18.9;25.9
97412384;2013-10-06;1;19.3;25.4
97412384;2013-10-07;0;19.5;26.6
97412384;2013-10-08;0;18.5;26.4
97412384;2013-10-09;0;18;28.1
97412384;2013-10-10;0;18.2;27.5
97412384;2013-10-11;0;20.4;28.4
97412384;2013-10-12;0;21.1;28.9
97412384;2013-10-13;0;20.4;28.4
97412384;2013-10-14;0;19.5;28.1
97412384;2013-10-15;0;19.7;28.5
97412384;2013-10-16;27;20.1;28.1
97412384;2013-10-17;0;18.2;26.1
97412384;2013-10-18;4;19;25.5
97412384;2013-10-19;0;19.4;25.8
97412384;2013-10-20;0;18;28.2
97412384;2013-10-21;0;19;27.7
97412384;2013-10-22;0;19.1;28.7
97412384;2013-10-23;0;18.8;27.5
97412384;2013-10-24;0;20.2;27.9
97412384;2013-10-25;3.5;21.6;28.2
97412384;2013-10-26;0;22.3;28
97412384;2013-10-27;0;21.3;28.4
97412384;2013-10-28;2;21;26.9
97412384;2013-10-29;17;21;22.6
97412384;2013-10-30;16.5;21.3;25.3
97412384;2013-10-31;15.5;21.8;28.7
97412384;2013-11-01;0;21.8;28.6
97412384;2013-11-02;1;21.4;28.3
97412384;2013-11-03;0;21.2;28.7
97412384;2013-11-04;0;20.9;28.8
97412384;2013-11-05;0;20.6;29.1
97412384;2013-11-06;0;21.1;28.7
97412384;2013-11-07;0;20.6;28.5
97412384;2013-11-08;0;18.4;29.7
97412384;2013-11-09;0;21.3;30.2
97412384;2013-11-10;0;20.6;29.9
97412384;2013-11-11;0;20.8;29.7
97412384;2013-11-12;0;20.3;30.8
97412384;2013-11-13;0;21.9;30.4
97412384;2013-11-14;0;22;31.5
97412384;2013-11-15;0;23.7;29.4
97412384;2013-11-16;0;23;32
97412384;2013-11-17;0;20.8;29.8
97412384;2013-11-18;0;20.7;30.3
97412384;2013-11-19;1.5;20.3;30.4
97412384;2013-11-20;0;21.8;30
97412384;2013-11-21;0;21.7;29.9
97412384;2013-11-22;0;21.9;29.5
97412384;2013-11-23;0;21.3;30.5
97412384;2013-11-24;0;23.1;30.5
97412384;2013-11-25;36;21.8;28.8
97412384;2013-11-26;0;22.4;28.9
97412384;2013-11-27;0;23.1;30.6
97412384;2013-11-28;0;23.2;30
97412384;2013-11-29;1.5;23.3;30.8
97412384;2013-11-30;0;23.3;30
97412384;2013-12-01;0;23.9;31.6
97412384;2013-12-02;0;23.7;31.3
97412384;2013-12-03;114.5;21.9;28.8
97412384;2013-12-04;0;21.5;28.8
97412384;2013-12-05;0;20.5;29.1
97412384;2013-12-06;0;20.2;28.8
97412384;2013-12-07;0;22;30.6
97412384;2013-12-08;1.5;24;31.5
97412384;2013-12-09;0.5;23.1;29.4
97412384;2013-12-10;0;22.9;30.7
97412384;2013-12-11;0;23.6;31.3
97412384;2013-12-12;0;22.9;30.7
97412384;2013-12-13;0;22.3;30.7
97412384;2013-12-14;0;23.1;31.5
97412384;2013-12-15;0;23.4;30.9
97412384;2013-12-16;0;23.7;31.4
97412384;2013-12-17;0;24.4;31.5
97412384;2013-12-18;0;24.2;31.7
97412384;2013-12-19;1;24;31.5
97412384;2013-12-20;22.5;24.3;30.6
97412384;2013-12-21;0;25.1;28.7
97412384;2013-12-22;2;21.9;27.5
97412384;2013-12-23;0.5;21.5;28.5
97412384;2013-12-24;5.5;21.4;28.9
97412384;2013-12-25;0;21.3;29.5
97412384;2013-12-26;0;24.1;29.2
97412384;2013-12-27;4.5;22.3;30.2
97412384;2013-12-28;0;22.6;30.4
97412384;2013-12-29;0.5;23.1;30.9
97412384;2013-12-30;0;23;31.8
97412384;2013-12-31;0;23;32.2
97412384;2014-01-01;93.5;23.8;27.8
97412384;2014-01-02;136;21.5;33.5
97412384;2014-01-03;9;22.2;28.5
97412384;2014-01-04;0;24.6;30
97412384;2014-01-05;0.5;23;30.2
97412384;2014-01-06;4.5;24.2;30.8
97412384;2014-01-07;0;23.3;30.7
97412384;2014-01-08;0.5;24.1;31.1
97412384;2014-01-09;0;23.5;31.2
97412384;2014-01-10;0;23.7;31.1
97412384;2014-01-11;0;24.9;31.9
97412384;2014-01-12;0;23.2;31.3
97412384;2014-01-13;0;24.2;31.1
97412384;2014-01-14;0;22;30.8
97412384;2014-01-15;0;22.2;31
97412384;2014-01-16;0;22.6;31.5
97412384;2014-01-17;0;23.4;32.6
97412384;2014-01-18;0;24.2;32
97412384;2014-01-19;0;23.9;31.6
97412384;2014-01-20;0;24.5;32.2
97412384;2014-01-21;0;24.4;31.4
97412384;2014-01-22;0;23.7;31.3
97412384;2014-01-23;2.5;24.5;32
97412384;2014-01-24;0;25;31.1
97412384;2014-01-25;2;23.5;31.9
97412384;2014-01-26;7.5;23.1;31.8
97412384;2014-01-27;1.5;24.5;31.6
97412384;2014-01-28;7;22.9;30
97412384;2014-01-29;1.5;24.2;32.8
97412384;2014-01-30;0;23.3;32.6
97412384;2014-01-31;2.5;23.9;31.9
97412384;2014-02-01;0;23.4;32.3
97412384;2014-02-02;0;24.3;33.2
97412384;2014-02-03;0;24.6;32.5
97412384;2014-02-04;0;25.3;32.7
97412384;2014-02-05;12.5;24.8;32.9
97412384;2014-02-06;28.5;24.4;29.3
97412384;2014-02-07;0;22.5;30.8
97412384;2014-02-08;4;24.2;31.4
97412384;2014-02-09;0;23.7;32
97412384;2014-02-10;1;23.6;30.8
97412384;2014-02-11;19;23.3;30.8
97412384;2014-02-12;10;23.3;30.1
97412384;2014-02-13;28;22.6;30.5
97412384;2014-02-14;0;23;30.2
97412384;2014-02-15;0;24.1;28.1
97412384;2014-02-16;0;22.5;30.3
97412384;2014-02-17;2.5;23.2;29.7
97412384;2014-02-18;0;25.2;31.4
97412384;2014-02-19;0;25.8;31.1
97412384;2014-02-20;1.5;25;32.9
97412384;2014-02-21;0;25.7;31.5
97412384;2014-02-22;0;24.2;31.1
97412384;2014-02-23;0;23.7;32.4
97412384;2014-02-24;0;24.1;31
97412384;2014-02-25;0;23.8;28.7
97412384;2014-02-26;0;24.6;32.3
97412384;2014-02-27;0;24.9;32.7
97412384;2014-02-28;0.5;23.3;32.8
97412384;2014-03-01;1.5;24.6;33.5
97412384;2014-03-02;0;24.6;33.1
97412384;2014-03-03;0;26.3;30.5
97412384;2014-03-04;0;26;30.5
97412384;2014-03-05;0;24.5;32.5
97412384;2014-03-06;16;23;31
97412384;2014-03-07;10;23;29.5
97412384;2014-03-08;1;23;29
97412384;2014-03-09;0;23;32
97412384;2014-03-10;0;22.5;32.5
97412384;2014-03-11;0;23.5;33
97412384;2014-03-12;0;24;33
97412384;2014-03-13;0;24.5;32.5
97412384;2014-03-14;0;24.5;32
97412384;2014-03-15;0;23.5;32
97412384;2014-03-16;0;24;32
97412384;2014-03-17;0;23;31
97412384;2014-03-18;0;24.5;32
97412384;2014-03-19;0;24;32
97412384;2014-03-20;0;24.1;32.3
97412384;2014-03-21;13.5;25;32.4
97412384;2014-03-22;70;23.8;29.3
97412384;2014-03-23;20.5;23.1;28.4
97412384;2014-03-24;7;24.1;30.1
97412384;2014-03-25;16;22.1;29.4
97412384;2014-03-26;2.5;22.3;29.8
97412384;2014-03-27;4;22.1;29.3
97412384;2014-03-28;1;20.7;29.7
97412384;2014-03-29;0.5;21.5;29
97412384;2014-03-30;0;22.8;30.4
97412384;2014-03-31;0;22.5;30.2
97412384;2014-04-01;0;22.5;30.3
97412384;2014-04-02;3;22;30.6
97412384;2014-04-03;1;23.8;29.9
97412384;2014-04-04;5.5;23.9;29.9
97412384;2014-04-05;0;22.9;29.6
97412384;2014-04-06;0;19.9;29.9
97412384;2014-04-07;0;21.4;30.1
97412384;2014-04-08;0;22.8;30.6
97412384;2014-04-09;13;23.8;27.6
97412384;2014-04-10;17;19.5;24.9
97412384;2014-04-11;24;20.9;25.8
97412384;2014-04-12;2;20.2;27.8
97412384;2014-04-13;76;20.5;26.9
97412384;2014-04-14;135;20.8;26.5
97412384;2014-04-15;2;22;30.3
97412384;2014-04-16;0;22.6;30.9
97412384;2014-04-17;2;22.8;32
97412384;2014-04-18;0;23.5;31.9
97412384;2014-04-19;0;21.8;30.9
97412384;2014-04-20;0;22.1;28.9
97412384;2014-04-21;0;23;30.5
97412384;2014-04-22;0;22.4;30.9
97412384;2014-04-23;0;22.7;29.1
97412384;2014-04-24;0;22.1;29.1
97412384;2014-04-25;1;22.5;28.9
97412384;2014-04-26;0;23.4;31.4
97412384;2014-04-27;0;21.9;31
97412384;2014-04-28;0;21.8;30.3
97412384;2014-04-29;0;21.1;29.9
97412384;2014-04-30;5;21.6;30.5
97412384;2014-05-01;0;22.9;29.8
97412384;2014-05-02;4;24.7;29.8
97412384;2014-05-03;4;24.5;29.1
97412384;2014-05-04;3;23.2;28
97412384;2014-05-05;9;22.9;28.9
97412384;2014-05-06;13;22.1;28.5
97412384;2014-05-07;23;21;28
97412384;2014-05-08;1.5;22.2;30.5
97412384;2014-05-09;0;21.6;30.7
97412384;2014-05-10;0;21.6;29.2
97412384;2014-05-11;0;22;28.2
97412384;2014-05-12;0;19.9;29.3
97412384;2014-05-13;0;21.1;31.4
97412384;2014-05-14;25;21.2;28.3
97412384;2014-05-15;0;20.5;28.4
97412384;2014-05-16;0;17.7;28.9
97412384;2014-05-17;0.5;20.7;29.4
97412384;2014-05-18;2.5;19.7;29
97412384;2014-05-19;1;19.4;27.4
97412384;2014-05-20;0.5;19.9;27.5
97412384;2014-05-21;0;18.9;27.3
97412384;2014-05-22;0;19.9;27.6
97412384;2014-05-23;10.5;19.9;27.9
97412384;2014-05-24;0.5;19.4;24.5
97412384;2014-05-25;0;20.1;25.8
97412384;2014-05-26;0;18.9;26.6
97412384;2014-05-27;0;17.6;27.7
97412384;2014-05-28;12.5;18.6;27.8
97412384;2014-05-29;8;18.6;26.3
97412384;2014-05-30;9.5;21.8;26
97412384;2014-05-31;0;20.3;25.6
97412384;2014-06-01;0;20.3;26.4
97412384;2014-06-02;0;19.9;28.7
97412384;2014-06-03;0;20.6;30.1
97412384;2014-06-04;0;19.7;26.7
97412384;2014-06-05;0;23.3;27.7
97412384;2014-06-06;0;19.4;28.8
97412384;2014-06-07;0;20.2;28.5
97412384;2014-06-08;12.5;18.7;28.7
97412384;2014-06-09;0;18.8;24.5
97412384;2014-06-10;7;18.7;22.9
97412384;2014-06-11;5;19.4;24.6
97412384;2014-06-12;0.5;18.1;24.7
97412384;2014-06-13;0;19.9;25.9
97412384;2014-06-14;0;18.7;26.1
97412384;2014-06-15;0;19.4;26
97412384;2014-06-16;0;18.9;28.4
97412384;2014-06-17;0;19.8;26.8
97412384;2014-06-18;0;20.2;26.8
97412384;2014-06-19;0;21.7;27.4
97412384;2014-06-20;4.5;18.9;28.2
97412384;2014-06-21;2.5;19.9;27.4
97412384;2014-06-22;0;19.2;26
97412384;2014-06-23;0;18.9;25.5
97412384;2014-06-24;0;20.3;25.5
97412384;2014-06-25;0.5;18.3;25.3
97412384;2014-06-26;0;20.2;25.6
97412384;2014-06-27;1;18.4;25.1
97412384;2014-06-28;10.5;18.1;26
97412384;2014-06-29;6.5;17.3;23.4
97412384;2014-06-30;0;18.2;25.9
97412384;2014-07-01;0;18.7;25.1
97412384;2014-07-02;2.5;20.4;25.7
97412384;2014-07-03;0;20.3;25.2
97412384;2014-07-04;13;19.6;23.6
97412384;2014-07-05;2;18.7;24.7
97412384;2014-07-06;0.5;19.2;24.4
97412384;2014-07-07;0;19;27.2
97412384;2014-07-08;0;18;27.2
97412384;2014-07-09;7;18.3;27.1
97412384;2014-07-10;0.5;19;25.2
97412384;2014-07-11;0;16.6;24.8
97412384;2014-07-12;0;17.5;24
97412384;2014-07-13;0;20.7;24.7
97412384;2014-07-14;0;17.2;28.4
97412384;2014-07-15;0.5;18;26
97412384;2014-07-16;25;18;25
97412384;2014-07-17;10;18;22.5
97412384;2014-07-18;5;19;23.5
97412384;2014-07-19;0;18;27
97412384;2014-07-20;0;20;27
97412384;2014-07-21;0.2;20;26
97412384;2014-07-22;80;20;26
97412384;2014-07-23;1;20;25
97412384;2014-07-24;1;20.5;24.6
97412384;2014-07-25;3;20.5;24.2
97412384;2014-07-26;0;19.9;27.5
97412384;2014-07-27;0;17.5;27.8
97412384;2014-07-28;0;17.6;28
97412384;2014-07-29;9.5;18.8;27.4
97412384;2014-07-30;12.5;19.4;22.1
97412384;2014-07-31;0;19;24.1
97412384;2014-08-01;0;17.5;26.5
97412384;2014-08-02;0;17.6;27.3
97412384;2014-08-03;10.5;18.9;25.9
97412384;2014-08-04;0;18.7;23.1
97412384;2014-08-05;1;17.3;23.2
97412384;2014-08-06;0;16.2;26.5
97412384;2014-08-07;19;18.1;23.9
97412384;2014-08-08;1.5;17.9;24.5
97412384;2014-08-09;0;18.8;24.8
97412384;2014-08-10;0;16.9;24.2
97412384;2014-08-11;0;17.5;24.5
97412384;2014-08-12;15;19;24.1
97412384;2014-08-13;5;17.9;23.3
97412384;2014-08-14;2;17.4;23.9
97412384;2014-08-15;0;16.4;24.7
97412384;2014-08-16;3;16.7;24.6
97412384;2014-08-17;0;17.4;24.9
97412384;2014-08-18;19;19;24.7
97412384;2014-08-19;3;18;23.9
97412384;2014-08-20;0;16.5;26.4
97412384;2014-08-21;0;15.7;25.5
97412384;2014-08-22;0;16.6;26.9
97412384;2014-08-23;0;16.8;26.6
97412384;2014-08-24;0;16.1;27.3
97412384;2014-08-25;0;16.9;27.9
97412384;2014-08-26;31;20.2;27.4
97412384;2014-08-27;0;19.6;26.1
97412384;2014-08-28;0.5;18.1;26.2
97412384;2014-08-29;0;18.7;24.9
97412384;2014-08-30;0.5;18.6;25.3
97412384;2014-08-31;0;17.6;26.3
97412384;2014-09-01;0;16.6;27.4
97412384;2014-09-02;2;15.1;27.1
97412384;2014-09-03;30;18.2;27.1
97412384;2014-09-04;10;17.3;23.1
97412384;2014-09-05;3.5;17.5;23.6
97412384;2014-09-06;7.5;17.5;24
97412384;2014-09-07;28;18.8;24.7
97412384;2014-09-08;0;18.5;24.3
97412384;2014-09-09;0;17.4;25.4
97412384;2014-09-10;0;17.6;24.8
97412384;2014-09-11;0;17.1;25.9
97412384;2014-09-12;0;18.6;26.5
97412384;2014-09-13;0;18.7;27.8
97412384;2014-09-14;0;18.7;26.5
97412384;2014-09-15;2;19.7;26.8
97412384;2014-09-16;0;18.9;25.3
97412384;2014-09-17;5;18.7;25.2
97412384;2014-09-18;0;18.7;25.7
97412384;2014-09-19;0;20.7;25
97412384;2014-09-20;0;18.3;27.9
97412384;2014-09-21;0;18.8;28.2
97412384;2014-09-22;0;18.5;28.6
97412384;2014-09-23;0;18.8;26.8
97412384;2014-09-24;0.5;19.4;28.5
97412384;2014-09-25;0;18.5;28.5
97412384;2014-09-26;4;19;26.9
97412384;2014-09-27;0.5;20.9;25.7
97412384;2014-09-28;0;19.7;26.8
97412384;2014-09-29;0;19.2;28
97412384;2014-09-30;0;20.8;26.5
97412384;2014-10-01;0;19.3;26.6
97412384;2014-10-02;0;18.6;29.4
97412384;2014-10-03;0;19.8;28.6
97412384;2014-10-04;0;20.5;30.8
97412384;2014-10-05;0;19.9;30.4
97412384;2014-10-06;0;20.5;30
97412384;2014-10-07;0;20.5;28.3
97412384;2014-10-08;0.5;20.6;30.8
97412384;2014-10-09;0;21.3;29.1
97412384;2014-10-10;0;21.4;28.1
97412384;2014-10-11;1.5;20.2;28.1
97412384;2014-10-12;0;20.3;28.4
97412384;2014-10-13;0;19.7;28.1
97412384;2014-10-14;0;20.3;30.7
97412384;2014-10-15;0;20.1;30.5
97412384;2014-10-16;0;21.6;30.5
97412384;2014-10-17;0;22;30.7
97412384;2014-10-18;0;21;30.9
97412384;2014-10-19;0;21;30.7
97412384;2014-10-20;0;21.1;30.7
97412384;2014-10-21;0;20.7;31.3
97412384;2014-10-22;0;20;30.6
97412384;2014-10-23;0;21;31.3
97412384;2014-10-24;0;22.4;31.2
97412384;2014-10-25;1;21.2;30.9
97412384;2014-10-26;22.5;20.4;29.9
97412384;2014-10-27;54.5;20.2;29.3
97412384;2014-10-28;14;20.3;28.8
97412384;2014-10-29;1;19.6;26.3
97412384;2014-10-30;2;19.7;26.5
97412384;2014-10-31;0;18.9;26.7
97412384;2014-11-01;0;20.2;26.4
97412384;2014-11-02;0;18.7;28.8
97412384;2014-11-03;0;19;30
97412384;2014-11-04;0.5;20;28.9
97412384;2014-11-05;1;21.6;26.9
97412384;2014-11-06;0;19.6;27.7
97412384;2014-11-07;0;19.6;31
97412384;2014-11-08;2.5;22;30.8
97412384;2014-11-09;0;21.7;29.4
97412384;2014-11-10;0;22.7;31
97412384;2014-11-11;0;22.6;31.6
97412384;2014-11-12;1.5;21.1;31.1
97412384;2014-11-13;0;23.1;27.6
97412384;2014-11-14;0;21;28.1
97412384;2014-11-15;7.5;21.6;28.6
97412384;2014-11-16;1;22;28.1
97412384;2014-11-17;0;22;28.1
97412384;2014-11-18;0;20.1;28.4
97412384;2014-11-19;0;21.8;31.5
97412384;2014-11-20;0;22.2;30.9
97412384;2014-11-21;0;22.3;30.9
97412384;2014-11-22;3;23.1;29.7
97412384;2014-11-23;0;23.5;29.2
97412384;2014-11-24;0;23.4;29.3
97412384;2014-11-25;0;23.8;29.6
97412384;2014-11-26;0;22.5;31.1
97412384;2014-11-27;0;22.1;31.5
97412384;2014-11-28;1.5;23.1;31.2
97412384;2014-11-29;0;23.8;30.9
97412384;2014-11-30;0;22.6;28.1
97412384;2014-12-01;0;23.2;30.6
97412384;2014-12-02;0;21.6;29.7
97412384;2014-12-03;4;21.5;31.3
97412384;2014-12-04;0;22.2;31.6
97412384;2014-12-05;0;24.1;31.6
97412384;2014-12-06;0;24.7;29.9
97412384;2014-12-07;1;22.3;29.9
97412384;2014-12-08;0;23.6;31.1
97412384;2014-12-09;0;22.4;29.9
97412384;2014-12-10;0;23.7;32.1
97412384;2014-12-11;0;23;29.8
97412384;2014-12-12;0;23.5;30.1
97412384;2014-12-13;0;22.3;30.4
97412384;2014-12-14;0;23.6;30.8
97412384;2014-12-15;0;23.5;32
97412384;2014-12-16;0;23.7;31.9
97412384;2014-12-17;0;24.4;31.1
97412384;2014-12-18;3.5;24.3;31.1
97412384;2014-12-19;2;23.7;33.3
97412384;2014-12-20;0;23.9;30.7
97412384;2014-12-21;0;24.8;31.7
97412384;2014-12-22;0;24.9;33.4
97412384;2014-12-23;0;25;32.4
97412384;2014-12-24;0;25.9;33.2
97412384;2014-12-25;0;25.4;32.4
97412384;2014-12-26;0;25.5;31.7
97412384;2014-12-27;2;24.5;31.7
97412384;2014-12-28;2.5;24.1;29
97412384;2014-12-29;0.5;24.8;31.6
97412384;2014-12-30;0;24.2;32.2
97412384;2014-12-31;0;24.9;32.8
97412384;2015-01-01;0;24.9;32.9
97412384;2015-01-02;4;25.2;32
97412384;2015-01-03;1;25.2;33.3
97412384;2015-01-04;0;25.3;32.3
97412384;2015-01-05;0;25.5;32.7
97412384;2015-01-06;0;25.1;32.4
97412384;2015-01-07;0;25.6;34.2
97412384;2015-01-08;26;24.7;32.8
97412384;2015-01-09;0;25.8;32.9
97412384;2015-01-10;0;25.2;33.4
97412384;2015-01-11;7.5;24.9;32.7
97412384;2015-01-12;25;23.6;30
97412384;2015-01-13;39;23.7;29
97412384;2015-01-14;64.5;24;28.6
97412384;2015-01-15;30;24.2;30
97412384;2015-01-16;0;23.6;30.2
97412384;2015-01-17;6.5;23.8;29.2
97412384;2015-01-18;0;23.8;32.3
97412384;2015-01-19;1;25;31.9
97412384;2015-01-20;6.5;24.8;31.8
97412384;2015-01-21;15.5;24.2;28.7
97412384;2015-01-22;6;23.7;27.6
97412384;2015-01-23;60;22.3;27.9
97412384;2015-01-24;11;22.5;29.9
97412384;2015-01-25;0;24.9;29.9
97412384;2015-01-26;0;24.1;29.6
97412384;2015-01-27;0.5;24.7;29.5
97412384;2015-01-28;0;22.5;29.3
97412384;2015-01-29;0;24.1;29.4
97412384;2015-01-30;0;22.3;29.7
97412384;2015-01-31;0;22.9;29.7
97412384;2015-02-01;0;24.2;29.6
97412384;2015-02-02;0;24.6;29.4
97412384;2015-02-03;1;22.2;31.9
97412384;2015-02-04;5;23.2;31.4
97412384;2015-02-05;0;22.7;31
97412384;2015-02-06;0;23.5;31.5
97412384;2015-02-07;9;24;31.3
97412384;2015-02-08;3;24.1;30.1
97412384;2015-02-09;5.5;23.8;30
97412384;2015-02-10;0;23.7;29.5
97412384;2015-02-11;0.5;24.2;29.5
97412384;2015-02-12;10;22.5;29.3
97412384;2015-02-13;2.5;21.8;29.5
97412384;2015-02-14;5.5;22.8;30.2
97412384;2015-02-15;0;22.7;29.5
97412384;2015-02-16;0;22.8;30.7
97412384;2015-02-17;3;23.3;31.1
97412384;2015-02-18;0;22.9;31.6
97412384;2015-02-19;5.5;23.7;30
97412384;2015-02-20;0;22.8;29.5
97412384;2015-02-21;0;23.3;31
97412384;2015-02-22;0;24.2;32.2
97412384;2015-02-23;1;23.9;30.7
97412384;2015-02-24;0;23.7;30.4
97412384;2015-02-25;0;24.2;30.5
97412384;2015-02-26;0;24.5;31.3
97412384;2015-02-27;0;23.5;31.9
97412384;2015-02-28;0;23.2;31.5
97412384;2015-03-01;0;23.5;31.4
97412384;2015-03-02;0;22.7;32
97412384;2015-03-03;70;23.9;32.9
97412384;2015-03-04;35;24.3;28.6
97412384;2015-03-05;2;23.9;32
97412384;2015-03-06;0;24.5;29.3
97412384;2015-03-07;180;23.1;31.2
97412384;2015-03-08;25;22.6;27.8
97412384;2015-03-09;40;22.4;28.2
97412384;2015-03-10;15;24.7;31.1
97412384;2015-03-11;12;24.6;31.1
97412384;2015-03-12;4.5;25;29.2
97412384;2015-03-13;0;22.7;29.4
97412384;2015-03-14;1;22.2;28.7
97412384;2015-03-15;1;22;29
97412384;2015-03-16;1;22.1;29.3
97412384;2015-03-17;0;22;30.3
97412384;2015-03-18;0;23;31.1
97412384;2015-03-19;0;24.2;31.4
97412384;2015-03-20;0;22.3;31.3
97412384;2015-03-21;0;23.4;30.3
97412384;2015-03-22;2;24.5;32
97412384;2015-03-23;0;23.4;32
97412384;2015-03-24;0;24.3;29.8
97412384;2015-03-25;0;22.8;30.3
97412384;2015-03-26;0.5;23.1;30.5
97412384;2015-03-27;0.5;23.5;30.8
97412384;2015-03-28;0;23.3;30.9
97412384;2015-03-29;0;22.9;31.3
97412384;2015-03-30;0;24.9;32.7
97412384;2015-03-31;0;23.9;32.7
97412384;2015-04-01;15;23.3;33.3
97412384;2015-04-02;2;22.7;31.8
97412384;2015-04-03;0;21.3;30.8
97412384;2015-04-04;1;22.4;31.2
97412384;2015-04-05;14.5;23.5;30.5
97412384;2015-04-06;41.5;23.1;29.7
97412384;2015-04-07;0;24.3;30
97412384;2015-04-08;0;24;30.3
97412384;2015-04-09;0;24.1;30.4
97412384;2015-04-10;16;22.9;31.4
97412384;2015-04-11;9.5;22.2;27.5
97412384;2015-04-12;0.5;22;28.5
97412384;2015-04-13;0;21;30.8
97412384;2015-04-14;0.5;22;30.6
97412384;2015-04-15;0;22.3;29.2
97412384;2015-04-16;0;21.9;31.4
97412384;2015-04-17;27;22.2;29.9
97412384;2015-04-18;5;22.3;28.1
97412384;2015-04-19;0;23.1;29.4
97412384;2015-04-20;0;22.9;31.2
97412384;2015-04-21;12;21.2;29.2
97412384;2015-04-22;21.5;21.1;28.3
97412384;2015-04-23;0.5;22.9;31.3
97412384;2015-04-24;0;22.3;29.1
97412384;2015-04-25;0;22.9;28.6
97412384;2015-04-26;0;22.6;28.7
97412384;2015-04-27;0;23.2;31.6
97412384;2015-04-28;0;22.3;30.6
97412384;2015-04-29;1;23.3;31.3
97412384;2015-04-30;24.5;22.7;26.2
97412384;2015-05-01;0;22.6;31.1
97412384;2015-05-02;0;23.7;30.9
97412384;2015-05-03;0;22.5;29.7
97412384;2015-05-04;0;21.8;28.8
97412384;2015-05-05;0;22.4;29
97412384;2015-05-06;0;22.2;31.4
97412384;2015-05-07;0;22.5;31.8
97412384;2015-05-08;11.5;22.8;30.3
97412384;2015-05-09;36.5;22;27.7
97412384;2015-05-10;0;23.1;27.3
97412384;2015-05-11;5.5;22.4;27.4
97412384;2015-05-12;3;22.1;28.1
97412384;2015-05-13;0;21.8;27
97412384;2015-05-14;0;20.2;29.7
97412384;2015-05-15;4;21.9;30.1
97412384;2015-05-16;0.5;21.4;29.9
97412384;2015-05-17;0;21;29
97412384;2015-05-18;0;22.5;27.7
97412384;2015-05-19;0;21.6;27.4
97412384;2015-05-20;0.5;23.3;27.3
97412384;2015-05-21;2;21.9;27.4
97412384;2015-05-22;2;20.7;26.5
97412384;2015-05-23;0;19.6;28.6
97412384;2015-05-24;1;19.2;28.3
97412384;2015-05-25;0;20.2;28.4
97412384;2015-05-26;0;19.7;28.7
97412384;2015-05-27;0.5;20.6;26.9
97412384;2015-05-28;0;19.1;27
97412384;2015-05-29;0.5;20;26.3
97412384;2015-05-30;3;21.5;26.6
97412384;2015-05-31;65.5;19.5;25.4
97412384;2015-06-01;19;19.8;24.9
97412384;2015-06-02;0;22.3;25.3
97412384;2015-06-03;0;19.8;28
97412384;2015-06-04;0;20.8;26.7
97412384;2015-06-05;0;19.2;29.1
97412384;2015-06-06;21.5;20.7;29.3
97412384;2015-06-07;2;20;25.3
97412384;2015-06-08;1.5;18.4;24.7
97412384;2015-06-09;0.5;18.7;23.9
97412384;2015-06-10;0;19.2;27.6
97412384;2015-06-11;0;19;28
97412384;2015-06-12;1;19.7;25.9
97412384;2015-06-13;8;20.7;28.7
97412384;2015-06-14;3;20.4;26.6
97412384;2015-06-15;10.5;20.5;26.7
97412384;2015-06-16;0.5;20;27.6
97412384;2015-06-17;4;20.8;25.8
97412384;2015-06-18;0;18.7;29.4
97412384;2015-06-19;0;20.9;28.6
97412384;2015-06-20;0.5;20.7;26.7
97412384;2015-06-21;29.5;20.8;24.4
97412384;2015-06-22;21.5;20.1;23.4
97412384;2015-06-23;1;19.3;25.5
97412384;2015-06-24;0.5;21.3;24.3
97412384;2015-06-25;0;21.4;25.6
97412384;2015-06-26;2;19.8;26.5
97412384;2015-06-27;9;19.1;26.8
97412384;2015-06-28;4.5;19;23.5
97412384;2015-06-29;0;19.1;25.7
97412384;2015-06-30;0;18.1;26.6
97412384;2015-07-01;20.5;18.8;28
97412384;2015-07-02;7;18.8;24.3
97412384;2015-07-03;15;20;24
97412384;2015-07-04;10;19.5;23.5
97412384;2015-07-05;0;19;24.5
97412384;2015-07-06;0;17;24
97412384;2015-07-07;10;16.5;25
97412384;2015-07-08;5;18;23
97412384;2015-07-09;0;16.5;25.5
97412384;2015-07-10;0;16.5;25
97412384;2015-07-11;1;18;24
97412384;2015-07-12;0;18.5;25
97412384;2015-07-13;1;19;25.5
97412384;2015-07-14;2;18;25
97412384;2015-07-15;5;19;24
97412384;2015-07-16;2;19;26.5
97412384;2015-07-17;10;19.5;24.5
97412384;2015-07-18;0;19;24.5
97412384;2015-07-19;40;20;24
97412384;2015-07-20;3;18;23
97412384;2015-07-21;0.5;18;24
97412384;2015-07-22;0;17.5;24
97412384;2015-07-23;0;17.5;25
97412384;2015-07-24;0;20.1;25.2
97412384;2015-07-25;0;18.1;24.8
97412384;2015-07-26;0;17.7;27.8
97412384;2015-07-27;0;16.3;28.1
97412384;2015-07-28;0;17.1;28.2
97412384;2015-07-29;0;21.1;27.9
97412384;2015-07-30;0;17.9;29
97412384;2015-07-31;0;18.7;29.1
97412384;2015-08-01;10;16.9;28.6
97412384;2015-08-02;13.5;18.1;25
97412384;2015-08-03;4;18.1;23.1
97412384;2015-08-04;36.5;17.7;22.1
97412384;2015-08-05;24.5;19;23.7
97412384;2015-08-06;2;19.2;27.7
97412384;2015-08-07;0.5;19.3;28.3
97412384;2015-08-08;0;19.4;28.4
97412384;2015-08-09;0;18.7;27.6
97412384;2015-08-10;0;18.7;27
97412384;2015-08-11;0;18;26.5
97412384;2015-08-12;0;18.3;27.8
97412384;2015-08-13;0;18.4;27.5
97412384;2015-08-14;0;20.7;26.2
97412384;2015-08-15;4;19.9;25.6
97412384;2015-08-16;3.5;19.5;25
97412384;2015-08-17;3.5;19;24.8
97412384;2015-08-18;0;17.9;25.3
97412384;2015-08-19;0;17.3;27.8
97412384;2015-08-20;1.5;19.2;27.3
97412384;2015-08-21;0.5;18.3;25.6
97412384;2015-08-22;0;17.9;25.2
97412384;2015-08-23;1;16.3;24.5
97412384;2015-08-24;0;17.9;25.9
97412384;2015-08-25;0.5;18.7;24.9
97412384;2015-08-26;0.5;19.1;24.8
97412384;2015-08-27;4;18.3;25.1
97412384;2015-08-28;0;19;24.7
97412384;2015-08-29;1.5;17.3;25.3
97412384;2015-08-30;6;17.4;24.3
97412384;2015-08-31;4;18.1;25.4
97412384;2015-09-01;1;18.6;25
97412384;2015-09-02;0;20.8;25.6
97412384;2015-09-03;0;19.2;25.5
97412384;2015-09-04;0;18.1;27.8
97412384;2015-09-05;0;18.4;27.9
97412384;2015-09-06;0;19.4;26.2
97412384;2015-09-07;0;20.7;25.4
97412384;2015-09-08;2;18.3;25.7
97412384;2015-09-09;1;18.1;25.5
97412384;2015-09-10;0;17.6;29.1
97412384;2015-09-11;0;19.6;28.2
97412384;2015-09-12;13.5;18.5;28.8
97412384;2015-09-13;2;17.6;22.4
97412384;2015-09-14;0;17.6;26.4
97412384;2015-09-15;9.5;16.6;22.6
97412384;2015-09-16;0;17.1;25.6
97412384;2015-09-17;0;19.2;25.6
97412384;2015-09-18;0;17.1;28.1
97412384;2015-09-19;0;18.2;28.9
97412384;2015-09-20;3.5;18.9;28.2
97412384;2015-09-21;1;18.6;25.1
97412384;2015-09-22;13;18.7;24.9
97412384;2015-09-23;18;18.5;24.7
97412384;2015-09-24;3.5;18.5;25.7
97412384;2015-09-25;5;19.4;25.9
97412384;2015-09-26;12.5;19.8;25.9
97412384;2015-09-27;0;19.2;25.5
97412384;2015-09-28;0;18;26.3
97412384;2015-09-29;2.5;18.9;26.9
97412384;2015-09-30;7;19.1;25
97412384;2015-10-01;54;20.5;25.4
97412384;2015-10-02;6;18.3;24.2
97412384;2015-10-03;0.5;20.2;28.7
97412384;2015-10-04;1.5;21.2;27.1
97412384;2015-10-05;0.5;20.7;25.6
97412384;2015-10-06;0;21.6;29.1
97412384;2015-10-07;0;19.8;28.5
97412384;2015-10-08;0;18.8;27.6
97412384;2015-10-09;0;19.5;29.5
97412384;2015-10-10;0;19.2;28.3
97412384;2015-10-11;0;19.4;28.3
97412384;2015-10-12;0;18.7;29.5
97412384;2015-10-13;0;19.8;30.6
97412384;2015-10-14;0;19.3;28.5
97412384;2015-10-15;0;18.7;28.4
97412384;2015-10-16;0;19.6;28
97412384;2015-10-17;0;20.4;27.8
97412384;2015-10-18;0;21;27.8
97412384;2015-10-19;0;20.8;28.2
97412384;2015-10-20;0;21.2;27.9
97412384;2015-10-21;0;20.5;27.4
97412384;2015-10-22;0.5;21.6;27.5
97412384;2015-10-23;0;19.4;27.6
97412384;2015-10-24;1;20.5;28.2
97412384;2015-10-25;1.5;21.6;30.4
97412384;2015-10-26;1.5;22.1;28.7
97412384;2015-10-27;4;22.1;26.1
97412384;2015-10-28;0;21.3;28.6
97412384;2015-10-29;0.5;21.2;27.3
97412384;2015-10-30;0;19.8;27
97412384;2015-10-31;0;20.8;27.1
97412384;2015-11-01;0;20;29.8
97412384;2015-11-02;4.5;20.1;29.5
97412384;2015-11-03;0;20.9;29
97412384;2015-11-04;25;21;30.5
97412384;2015-11-05;62.5;19.1;22.4
97412384;2015-11-06;10.5;18.9;25.1
97412384;2015-11-07;41;18.5;26.4
97412384;2015-11-08;9.5;17.9;26.3
97412384;2015-11-09;0.5;21.4;26.8
97412384;2015-11-10;0.5;19.9;27.6
97412384;2015-11-11;0;20;28.4
97412384;2015-11-12;0;20.5;28.3
97412384;2015-11-13;0;19.7;30
97412384;2015-11-14;0;21.1;28.9
97412384;2015-11-15;0;22.1;29.2
97412384;2015-11-16;0;21.4;29.7
97412384;2015-11-17;0;23.3;28.5
97412384;2015-11-18;0;21.4;29.3
97412384;2015-11-19;1.5;21;30.1
97412384;2015-11-20;0;22.8;30.5
97412384;2015-11-21;0;21.7;29.2
97412384;2015-11-22;0;21.6;29.6
97412384;2015-11-23;0;20.8;30.7
97412384;2015-11-24;0;21.8;29.8
97412384;2015-11-25;2;21.8;29.2
97412384;2015-11-26;0.5;23;30.8
97412384;2015-11-27;0;22.1;31.4
97412384;2015-11-28;0;22.7;30.9
97412384;2015-11-29;0;22.4;30.4
97412384;2015-11-30;0;23.1;29.5
97412384;2015-12-01;0;22;30
97412384;2015-12-02;0;23.3;29.7
97412384;2015-12-03;0;22.9;30.1
97412384;2015-12-04;3;22.3;30.9
97412384;2015-12-05;0;22.5;31.9
97412384;2015-12-06;0;23.1;31.5
97412384;2015-12-07;0.5;23.8;31.7
97412384;2015-12-08;1;22.8;31.3
97412384;2015-12-09;6.5;24.3;30.5
97412384;2015-12-10;5.5;24.4;30.9
97412384;2015-12-11;0;24.3;30.5
97412384;2015-12-12;0;24.1;30.1
97412384;2015-12-13;0;23.2;30.5
97412384;2015-12-14;0;22.9;30.1
97412384;2015-12-15;0;23.6;30
97412384;2015-12-16;0;23.7;31.8
97412384;2015-12-17;0;24;32
97412384;2015-12-18;0;24.5;31.8
97412384;2015-12-19;0;22;32.2
97412384;2015-12-20;0;23.5;32.8
97412384;2015-12-21;0;24.3;32.5
97412384;2015-12-22;0;24.4;32.9
97412384;2015-12-23;0;25.3;33.1
97412384;2015-12-24;0;26.5;33.6
97412384;2015-12-25;0;25.7;32.8
97412384;2015-12-26;0;25.2;33
97412384;2015-12-27;0;24.8;33.6
97412384;2015-12-28;0;23.6;33.2
97412384;2015-12-29;24;23.1;32.3
97412384;2015-12-30;14.5;23.1;29
97412384;2015-12-31;110.5;22.2;26.9
97412384;2016-01-01;8.5;22.9;31.2
97412384;2016-01-02;0.5;24.6;30
97412384;2016-01-03;1.5;25.2;30.5
97412384;2016-01-04;3;23.3;30.6
97412384;2016-01-05;5.5;22.7;30.5
97412384;2016-01-06;0;23;29.6
97412384;2016-01-07;56;23.5;29.5
97412384;2016-01-08;6;22.3;29.2
97412384;2016-01-09;110.5;24.4;30
97412384;2016-01-10;78;22.3;27.9
97412384;2016-01-11;0.5;23.4;31.6
97412384;2016-01-12;0;24.1;30.9
97412384;2016-01-13;8;24.8;29.7
97412384;2016-01-14;0;24.5;29.5
97412384;2016-01-15;0;24;30.2
97412384;2016-01-16;0;24.4;30.6
97412384;2016-01-17;0;23.1;31.6
97412384;2016-01-18;0;23.8;31.3
97412384;2016-01-19;0;23.7;31.4
97412384;2016-01-20;13;24;31.5
97412384;2016-01-21;15;24.2;30.2
97412384;2016-01-22;6;23.7;29.7
97412384;2016-01-23;15;23.5;30.9
97412384;2016-01-24;0;23.8;31.1
97412384;2016-01-25;0;24;30.3
97412384;2016-01-26;0;23.8;31.1
97412384;2016-01-27;0;25.1;30.8
97412384;2016-01-28;0;24.3;30.9
97412384;2016-01-29;0;24.7;31.1
97412384;2016-01-30;0.5;22.7;30.1
97412384;2016-01-31;0;22.8;30.1
97412384;2016-02-01;0;23.1;30.7
97412384;2016-02-02;0;23.8;29.7
97412384;2016-02-03;0;24.9;30.1
97412384;2016-02-04;0;23.8;30.5
97412384;2016-02-05;15;23.4;30.5
97412384;2016-02-06;10;24.7;30.5
97412384;2016-02-07;50;24.8;29.7
97412384;2016-02-08;75;25.9;28.7
97412384;2016-02-09;10;24.9;32.2
97412384;2016-02-10;10;24.9;32.7
97412384;2016-02-11;0;25.2;32.9
97412384;2016-02-12;26;24.5;31.5
97412384;2016-02-13;0;24.5;31.6
97412384;2016-02-14;3;25.4;31.3
97412384;2016-02-15;0;25.4;30.4
97412384;2016-02-16;0;24.8;31.2
97412384;2016-02-17;1.5;24.6;31.4
97412384;2016-02-18;0;24.4;32.8
97412384;2016-02-19;53.5;24.9;34
97412384;2016-02-20;0.5;23.9;32.3
97412384;2016-02-21;0;24.6;32.4
97412384;2016-02-22;0;25;32.8
97412384;2016-02-23;2;24.9;32.9
97412384;2016-02-24;60;22.8;32.6
97412384;2016-02-25;76.5;22.9;26.7
97412384;2016-02-26;25;23.1;31
97412384;2016-02-27;3;22.6;28.1
97412384;2016-02-28;1;23.8;32.8
97412384;2016-02-29;1.5;23.8;31.6
97412384;2016-03-01;41.5;24.3;30.8
97412384;2016-03-02;0;25.4;30.4
97412384;2016-03-03;28;25;33.2
97412384;2016-03-04;0;24.4;30.6
97412384;2016-03-05;0;25.4;31.7
97412384;2016-03-06;0;25.4;31.5
97412384;2016-03-07;10;24.6;32.5
97412384;2016-03-08;15;23.9;29.4
97412384;2016-03-09;5;24.5;28.8
97412384;2016-03-10;1.5;23.2;29.9
97412384;2016-03-11;0;25.8;30.8
97412384;2016-03-12;5;24.5;30.7
97412384;2016-03-13;0;23.5;31.2
97412384;2016-03-14;0;23.9;32.7
97412384;2016-03-15;0;24.7;33
97412384;2016-03-16;20;24.5;33.2
97412384;2016-03-17;63;23.5;30.8
97412384;2016-03-18;0;23.7;30.9
97412384;2016-03-19;0.5;22.9;30
97412384;2016-03-20;1.5;22.9;30.5
97412384;2016-03-21;0;24;30.1
97412384;2016-03-22;0;22.9;30.6
97412384;2016-03-23;0;22.7;32.2
97412384;2016-03-24;66.5;24.3;33.2
97412384;2016-03-25;18.5;24.6;29.9
97412384;2016-03-26;1;23.7;29.9
97412384;2016-03-27;4;22.8;30.1
97412384;2016-03-28;0.5;23.3;29.3
97412384;2016-03-29;5.5;23.1;29.3
97412384;2016-03-30;3;22.5;29
97412384;2016-03-31;8.5;23;29.6
97412384;2016-04-01;1;21.2;29.2
97412384;2016-04-02;0;24.2;29.4
97412384;2016-04-03;6.5;23.1;28.7
97412384;2016-04-04;1;22.7;29.2
97412384;2016-04-05;20;21.8;28.8
97412384;2016-04-06;0;22.1;29.1
97412384;2016-04-07;0;22.3;31.1
97412384;2016-04-08;5;21.7;31.1
97412384;2016-04-09;6;22.4;29.4
97412384;2016-04-10;16;21;27.3
97412384;2016-04-11;12;22.1;26.4
97412384;2016-04-12;20;23.4;27.5
97412384;2016-04-13;45;23.6;26.7
97412384;2016-04-14;2.5;22.8;28.2
97412384;2016-04-15;14;24.7;28.2
97412384;2016-04-16;11.5;23.1;28
97412384;2016-04-17;0;23.5;28.6
97412384;2016-04-18;0;22.2;28.4
97412384;2016-04-19;0;21.3;28.8
97412384;2016-04-20;0;21.2;31.1
97412384;2016-04-21;33.5;21;31.5
97412384;2016-04-22;0;23.1;28.9
97412384;2016-04-23;0;25.3;28.8
97412384;2016-04-24;3.5;23;28.8
97412384;2016-04-25;0;21.6;29.8
97412384;2016-04-26;0.5;22.5;29.2
97412384;2016-04-27;20;23.2;29
97412384;2016-04-28;2;21.7;29.9
97412384;2016-04-29;0;21.8;29.6
97412384;2016-04-30;0;22;31
97412384;2016-05-01;0;22.3;29.2
97412384;2016-05-02;0;21.7;31
97412384;2016-05-03;53.5;21.1;30.5
97412384;2016-05-04;0;21.9;29.7
97412384;2016-05-05;11.5;19.9;29.3
97412384;2016-05-06;0.5;21.3;27.6
97412384;2016-05-07;0;20.7;27.8
97412384;2016-05-08;1.5;19.6;28.9
97412384;2016-05-09;5.5;19.9;26.9
97412384;2016-05-10;1.5;21.2;25.7
97412384;2016-05-11;4;20.8;26.5
97412384;2016-05-12;12.5;20.4;26.3
97412384;2016-05-13;9;20.6;25.6
97412384;2016-05-14;0.5;22.1;26.2
97412384;2016-05-15;1;21.9;26.7
97412384;2016-05-16;6.5;19.6;25.8
97412384;2016-05-17;0;20.5;27.8
97412384;2016-05-18;23;19.9;28.2
97412384;2016-05-19;6;19.7;22.4
97412384;2016-05-20;8;18.1;23.5
97412384;2016-05-21;1.5;18;25.4
97412384;2016-05-22;5;18.4;24.9
97412384;2016-05-23;1;17.2;24.2
97412384;2016-05-24;2;18;24.9
97412384;2016-05-25;16;20;25.8
97412384;2016-05-26;19.5;19.2;25.8
97412384;2016-05-27;0;19.7;26
97412384;2016-05-28;0;18.8;26
97412384;2016-05-29;0;19.2;25.6
97412384;2016-05-30;0;19.7;25.8
97412384;2016-05-31;16;21.6;25.8
97412384;2016-06-01;2;20.2;24.5
97412384;2016-06-02;31.5;19.9;25.9
97412384;2016-06-03;1.5;20;25.2
97412384;2016-06-04;0;19.4;25.5
97412384;2016-06-05;0;18.5;28
97412384;2016-06-06;31.5;19.1;27.3
97412384;2016-06-07;5;17.3;25.4
97412384;2016-06-08;0;19.1;23.6
97412384;2016-06-09;0;19;24.4
97412384;2016-06-10;0.5;20.6;25.4
97412384;2016-06-11;0;17.9;26.1
97412384;2016-06-12;0;17.8;28.1
97412384;2016-06-13;16;18.7;27.7
97412384;2016-06-14;10;18.3;22.5
97412384;2016-06-15;52;18.4;22.2
97412384;2016-06-16;0;19.2;24.6
97412384;2016-06-17;0.5;20.2;24.2
97412384;2016-06-18;8;19.3;24.5
97412384;2016-06-19;14;17.4;23.8
97412384;2016-06-20;1.5;17.1;24.5
97412384;2016-06-21;1;17.3;24.2
97412384;2016-06-22;0;18.8;27.4
97412384;2016-06-23;0.5;18.2;25.9
97412384;2016-06-24;2;18.9;25.4
97412384;2016-06-25;9.5;18.1;23.7
97412384;2016-06-26;3.5;19.1;24.2
97412384;2016-06-27;0.5;18.5;24.2
97412384;2016-06-28;0;19.4;24.9
97412384;2016-06-29;0;17.3;25.4
97412384;2016-06-30;7;18.2;26.6
97412384;2016-07-01;1.5;16.7;22.8
97412384;2016-07-02;0;17.6;23.7
97412384;2016-07-03;1;18.9;23.6
97412384;2016-07-04;4.5;16.3;22.6
97412384;2016-07-05;8.5;16.8;23.5
97412384;2016-07-06;4;16.8;23
97412384;2016-07-07;1.5;19.1;23.3
97412384;2016-07-08;8;17.7;24.3
97412384;2016-07-09;4;17.2;22.6
97412384;2016-07-10;0;15.9;25.8
97412384;2016-07-11;2.5;16.9;25.7
97412384;2016-07-12;4.5;17.3;24.5
97412384;2016-07-13;0;18.5;23.2
97412384;2016-07-14;4.5;18;22.8
97412384;2016-07-15;8.5;18.1;24.3
97412384;2016-07-16;20.5;18;23.7
97412384;2016-07-17;9.5;18.1;23.5
97412384;2016-07-18;0;19.6;24.4
97412384;2016-07-19;5;19.2;23.3
97412384;2016-07-20;0;20.1;27.3
97412384;2016-07-21;0.5;18.1;28.5
97412384;2016-07-22;0;18.5;27.2
97412384;2016-07-23;0;18.8;25.1
97412384;2016-07-24;9.5;19.4;25.9
97412384;2016-07-25;0.5;17.9;24.1
97412384;2016-07-26;8;18.4;23.7
97412384;2016-07-27;0;17.9;24
97412384;2016-07-28;5;17.8;23.9
97412384;2016-07-29;5;19;23.6
97412384;2016-07-30;0;16.4;26.9
97412384;2016-07-31;0;16.7;27
97412384;2016-08-01;0;17.2;25.2
97412384;2016-08-02;0;18.5;24.8
97412384;2016-08-03;0;18.3;24.8
97412384;2016-08-04;0;19.1;27.6
97412384;2016-08-05;0;19.6;25.8
97412384;2016-08-06;0;20.4;28.3
97412384;2016-08-07;20.5;20.2;25
97412384;2016-08-08;13;18;25.2
97412384;2016-08-09;0.5;18.4;24.2
97412384;2016-08-10;13;17.2;26.9
97412384;2016-08-11;0.5;19.4;27.6
97412384;2016-08-12;9;19;27.7
97412384;2016-08-13;0;18.8;26.3
97412384;2016-08-14;5.5;20.6;24.4
97412384;2016-08-15;2.5;18.8;24.5
97412384;2016-08-16;0.5;19.6;25
97412384;2016-08-17;0.5;18.3;24.3
97412384;2016-08-18;0;17.6;24.6
97412384;2016-08-19;5;17.7;22.1
97412384;2016-08-20;0.5;16.9;24.3
97412384;2016-08-21;0;16.6;26.9
97412384;2016-08-22;0;18.1;25.1
97412384;2016-08-23;0;16.8;25.6
97412384;2016-08-24;0;16.7;27
97412384;2016-08-25;0;17;25.4
97412384;2016-08-26;0;18.4;25.8
97412384;2016-08-27;5;18.6;24.9
97412384;2016-08-28;5;18;22.6
97412384;2016-08-29;1;15.5;22.6
97412384;2016-08-30;1;17.1;23.2
97412384;2016-08-31;10;19.2;24.2
97412384;2016-09-01;5;17.6;22.9
97412384;2016-09-02;0;17.6;23.6
97412384;2016-09-03;0;16.4;24.2
97412384;2016-09-04;2;17.3;23.6
97412384;2016-09-05;5;18;24.2
97412384;2016-09-06;0;17.3;24.2
97412384;2016-09-07;0;18.8;25.4
97412384;2016-09-08;0;18.4;25.4
97412384;2016-09-09;0.5;17.7;25.2
97412384;2016-09-10;0;18.6;25.8
97412384;2016-09-11;0.5;19;25.5
97412384;2016-09-12;7;18.3;25.6
97412384;2016-09-13;7;17.7;23.7
97412384;2016-09-14;0.5;15.8;23.9
97412384;2016-09-15;0;18.3;24.8
97412384;2016-09-16;0;18.7;24.4
97412384;2016-09-17;1;18.4;24.9
97412384;2016-09-18;12.5;18.3;24.3
97412384;2016-09-19;4;19.2;24.3
97412384;2016-09-20;0;18.5;24.3
97412384;2016-09-21;0;18.4;28
97412384;2016-09-22;0;19.1;25
97412384;2016-09-23;0;18;29
97412384;2016-09-24;0;19.6;25.7
97412384;2016-09-25;0;17.8;28.1
97412384;2016-09-26;0;17.7;27.2
97412384;2016-09-27;0;19.5;26.2
97412384;2016-09-28;0;19.6;25.9
97412384;2016-09-29;0.5;19.6;26.9
97412384;2016-09-30;0;18.9;29.4
97412384;2016-10-01;0;18.4;29.1
97412384;2016-10-02;0;18.9;27.1
97412384;2016-10-03;0;18.4;30.1
97412384;2016-10-04;0;19.1;29.5
97412384;2016-10-05;0;19.1;28.8
97412384;2016-10-06;0;19.6;30
97412384;2016-10-07;5.5;19.1;24.4
97412384;2016-10-08;0;18.3;28.1
97412384;2016-10-09;0;20.3;26.3
97412384;2016-10-10;0;19.1;26.8
97412384;2016-10-11;0;18.9;28.9
97412384;2016-10-12;0;18.5;30.7
97412384;2016-10-13;0;18.8;28.9
97412384;2016-10-14;0;18.2;29.8
97412384;2016-10-15;0;18.6;30
97412384;2016-10-16;0;18.2;29.5
97412384;2016-10-17;0;18.6;30.1
97412384;2016-10-18;0;18.8;30.6
97412384;2016-10-19;0;19.1;27.6
97412384;2016-10-20;3;20.3;26.8
97412384;2016-10-21;2.5;20.7;26.6
97412384;2016-10-22;0;19.1;25.7
97412384;2016-10-23;0;19;27.7
97412384;2016-10-24;0;19.5;28.5
97412384;2016-10-25;0;21.5;29.4
97412384;2016-10-26;0;21.3;28.8
97412384;2016-10-27;0;20.4;29
97412384;2016-10-28;0;20.9;30
97412384;2016-10-29;0.5;20.8;29.2
97412384;2016-10-30;0;20;29.4
97412384;2016-10-31;0;20;30.9
97412384;2016-11-01;0;21.2;30.9
97412384;2016-11-02;0;20.3;30.8
97412384;2016-11-03;7.5;21.4;30.4
97412384;2016-11-04;4;21;25.6
97412384;2016-11-05;0;20.9;25.9
97412384;2016-11-06;0;20.7;29.6
97412384;2016-11-07;0;20;27.7
97412384;2016-11-08;0.5;19.8;27.7
97412384;2016-11-09;0;20;26.7
97412384;2016-11-10;0;22;28
97412384;2016-11-11;0;20.3;28.9
97412384;2016-11-12;0;23.1;31
97412384;2016-11-13;0;22.8;31
97412384;2016-11-14;0;21.8;32
97412384;2016-11-15;0;22.8;32.5
97412384;2016-11-16;0;22.2;31
97412384;2016-11-17;0;21;30.3
97412384;2016-11-18;0;21.5;30.6
97412384;2016-11-19;0;21.5;30.3
97412384;2016-11-20;0;21.9;29.7
97412384;2016-11-21;0;21.8;30.9
97412384;2016-11-22;0;21.9;30.8
97412384;2016-11-23;0;23;30
97412384;2016-11-24;0;21.9;29
97412384;2016-11-25;0;23.3;28.6
97412384;2016-11-26;0;22.1;29.4
97412384;2016-11-27;0;21.4;29.3
97412384;2016-11-28;0;24;31.4
97412384;2016-11-29;0;23.1;29.2
97412384;2016-11-30;42;22.3;28.1
97412384;2016-12-01;0;21.7;28.1
97412384;2016-12-02;0;22.3;30.1
97412384;2016-12-03;51;21.4;31.7
97412384;2016-12-04;0;21.1;27.9
97412384;2016-12-05;0.5;21;28.4
97412384;2016-12-06;0.5;21.2;27.4
97412384;2016-12-07;1.5;21.6;28.9
97412384;2016-12-08;2.5;22.4;29.3
97412384;2016-12-09;0;23.5;29.3
97412384;2016-12-10;0;22.6;31.2
97412384;2016-12-11;0;22.1;30.7
97412384;2016-12-12;0;21.8;29.9
97412384;2016-12-13;0;22.1;30.1
97412384;2016-12-14;0;22.8;31.3
97412384;2016-12-15;0;21.8;29.9
97412384;2016-12-16;0.5;22.9;30.2
97412384;2016-12-17;0;22.8;29.9
97412384;2016-12-18;0;22.9;30.9
97412384;2016-12-19;0;22.5;31.6
97412384;2016-12-20;0;24.3;30.4
97412384;2016-12-21;0;22.7;30.8
97412384;2016-12-22;0;23.3;31.2
97412384;2016-12-23;1;22.5;31.7
97412384;2016-12-24;0;22.8;31
97412384;2016-12-25;0;22.9;31.1
97412384;2016-12-26;0;22.8;31
97412384;2016-12-27;0;22.5;31
97412384;2016-12-28;0;22.7;29.7
97412384;2016-12-29;0;22.6;31
97412384;2016-12-30;0;22.8;30.8
97412384;2016-12-31;0;22.8;30.7
